task_id,source_game_id,source_game_name,task_platform_family,task_anchor_genre,reference_rank,reference_game_id,reference_game_name,reference_platform_family,reference_anchor_genre,reference_genres_text,reference_release_year,reference_description_length,similarity_score,reference_game_name_from_corpus,reference_text_description,platform_family,anchor_genre,genre_names_text,release_year_valid,description_length,source_name_norm,reference_name_norm
TASK_102623,102623,Escape Game: Aloha,Nintendo,Adventure,1,110803,Rooms: The Adventure of Anne & George,Nintendo,Adventure,"Puzzle, Adventure",2018.0,160,0.3055186974770534,Rooms: The Adventure of Anne & George,Rooms The Adventure of Anne and George is a mystery adventure puzzle game where players move rooms that slide like puzzles to escape from the mysterious mansion,Nintendo,Adventure,"Puzzle, Adventure",2018.0,160,escape game aloha,rooms the adventure of anne george
TASK_102623,102623,Escape Game: Aloha,Nintendo,Adventure,2,86466,Kate's Test,PC,Adventure,"Role-playing (RPG), Adventure",2018.0,120,0.2571633628993064,Kate's Test,Help Kate solve puzzles and escape trouble as she learns to use her new body in this cute and lewd action adventure game,PC,Adventure,"Role-playing (RPG), Adventure",2018.0,120,escape game aloha,kate s test
TASK_102623,102623,Escape Game: Aloha,Nintendo,Adventure,3,207703,Spiderbro,PC,Adventure,"Puzzle, Adventure, Indie",2022.0,202,0.2534506037305777,Spiderbro,Help Spiderbro through a strange dystopia and overcome the shadow spider that is constantly hindering you Collect items and solve puzzles and keep moving dont let the shadow spider get the better of you,PC,Adventure,"Puzzle, Adventure, Indie",2022.0,202,escape game aloha,spiderbro
TASK_102623,102623,Escape Game: Aloha,Nintendo,Adventure,4,84519,Hideaways: Foggy Valley,Nintendo,Puzzle,Puzzle,2014.0,105,0.2351033145207643,Hideaways: Foggy Valley,Beautiful vistas natural landscapes and rustic buildings are filled with missing items that you must find,Nintendo,Puzzle,Puzzle,2014.0,105,escape game aloha,hideaways foggy valley
TASK_107196,107196,Gear.Club Unlimited 2,Nintendo,Simulator,1,231231,Uphill Rush Water Park Racing,Nintendo,Simulator,"Racing, Simulator, Sport, Arcade",2023.0,95,0.3077702174470196,Uphill Rush Water Park Racing,Get ready for some extreme waterslide action in the worlds craziest water park racing simulator,Nintendo,Simulator,"Racing, Simulator, Sport, Arcade",2023.0,95,gear club unlimited 2,uphill rush water park racing
TASK_107196,107196,Gear.Club Unlimited 2,Nintendo,Simulator,2,245896,Drone Master Racing,Nintendo,Simulator,"Racing, Simulator",2023.0,117,0.2722126844135121,Drone Master Racing,This drone simulator is an exciting experience for up to 5 players to play perfect for fans of racing and competition,Nintendo,Simulator,"Racing, Simulator",2023.0,117,gear club unlimited 2,drone master racing
TASK_107196,107196,Gear.Club Unlimited 2,Nintendo,Simulator,3,158420,Extreme Racing,PC,Simulator,"Racing, Simulator, Sport, Indie",2021.0,276,0.259089574507872,Extreme Racing,Extreme Racing is a wonderful racing game in which you will enjoy spending your time and at the same time test your driving skills in a cool racing mode If you are attracted to the big magical world of speed and offscale adrenaline then the game Extreme Racing is just for you,PC,Simulator,"Racing, Simulator, Sport, Indie",2021.0,276,gear club unlimited 2,extreme racing
TASK_107196,107196,Gear.Club Unlimited 2,Nintendo,Simulator,4,115934,Motorsport Manager for Nintendo Switch,Nintendo,Simulator,"Racing, Simulator, Sport, Strategy",2019.0,371,0.2550273849782211,Motorsport Manager for Nintendo Switch,In Motorsport Manager for Nintendo Switch the console debut for the series you will build customize and lead your very own highperformance Motorsport team through 9 tiers of racing action across three car classes to become number one Race to win in this immersive management strategy title where realtime racing decision making and forward planning are the key to victory,Nintendo,Simulator,"Racing, Simulator, Sport, Strategy",2019.0,371,gear club unlimited 2,motorsport manager for nintendo switch
TASK_10966,10966,Fathom,Xbox,Strategy,1,130143,Phalanx of Resistance,PC,Strategy,Strategy,2020.0,98,0.2697459218964682,Phalanx of Resistance,Phalanx of Resistance is the Tower Defense Real Time Strategy mixture you have never played before,PC,Strategy,Strategy,2020.0,98,fathom,phalanx of resistance
TASK_10966,10966,Fathom,Xbox,Strategy,2,21119,Officers,PC,Strategy,"Real Time Strategy (RTS), Strategy",2008.0,118,0.261888159245722,Officers,Officers is a Real Time Strategy Game for the PC set during World War II and features three distinct campaigns to play,PC,Strategy,"Real Time Strategy (RTS), Strategy",2008.0,118,fathom,officers
TASK_10966,10966,Fathom,Xbox,Strategy,3,20531,Rise and Fall: Civilizations at War,PC,Strategy,"Shooter, Real Time Strategy (RTS), Strategy",2006.0,110,0.2434411711645593,Rise and Fall: Civilizations at War,Rise Fall Civilizations at War is a realtime strategy game where players can directly control individual units,PC,Strategy,"Shooter, Real Time Strategy (RTS), Strategy",2006.0,110,fathom,rise and fall civilizations at war
TASK_10966,10966,Fathom,Xbox,Strategy,4,3930,Generation of Chaos Exceed,Nintendo,Strategy,"Shooter, Real Time Strategy (RTS), Strategy, Turn-based strategy (TBS)",2003.0,107,0.2395566408298431,Generation of Chaos Exceed,Generation of Chaos Exceed is a Strategy game published by Idea Factory which was released in Japan in 2003,Nintendo,Strategy,"Shooter, Real Time Strategy (RTS), Strategy, Turn-based strategy (TBS)",2003.0,107,fathom,generation of chaos exceed
TASK_112082,112082,Destiny Connect: Tick-Tock Travelers,Nintendo,Role-playing (RPG),1,157930,破坏效应,PC,Role-playing (RPG),Role-playing (RPG),2020.0,106,0.3600897887482268,破坏效应,破坏效应是一款融合了MMO和MOBA双玩法的游戏暗黑式ARPG英雄乱斗立体地下城对战非对称式英雄阵营自定义动作技能开启不一样的战场体验力求让玩家体验最没有束缚的乱斗快感从一场战斗开始你无所不能异世英雄即刻乱斗上场,PC,Role-playing (RPG),Role-playing (RPG),2020.0,106,destiny connect tick tock travelers,
TASK_112082,112082,Destiny Connect: Tick-Tock Travelers,Nintendo,Role-playing (RPG),3,156786,Home and Dungeon,PC,Role-playing (RPG),Role-playing (RPG),2020.0,95,0.3600897887482268,Home and Dungeon,在幻想的世界里冒险采集建造城镇过上梦想中的慢生活是这款RPG游戏的主打特色在体验RPG内容的同时还可以享受到其他丰富多彩的要素些许的好奇心便能带你领略这款独一无二的日式RPG游戏一起来探索吧,PC,Role-playing (RPG),Role-playing (RPG),2020.0,95,destiny connect tick tock travelers,home and dungeon
TASK_112082,112082,Destiny Connect: Tick-Tock Travelers,Nintendo,Role-playing (RPG),4,156638,传奇世界之仗剑天涯H5,PC,Role-playing (RPG),Role-playing (RPG),2020.0,88,0.3600897887482268,传奇世界之仗剑天涯H5,传奇世界之仗剑天涯H5荣耀版资料片燃爆来袭不再是广告多倍升级万倍伤害天天攻沙流水线挂机刷怪高画质更流畅酷炫拽技能免费抽极炫外观任意搭震撼视觉狂战氛围快来觉醒传世魂轻狂热血续青春,PC,Role-playing (RPG),Role-playing (RPG),2020.0,88,destiny connect tick tock travelers,h5
TASK_122266,122266,"Dragon Quest 1, 2, 3 Collection",Nintendo,Adventure,1,80596,Dragon Quest Monsters: Terry no Wonderland 3D,Nintendo,Adventure,"Role-playing (RPG), Adventure",2012.0,157,0.4196024165066907,Dragon Quest Monsters: Terry no Wonderland 3D,Dragon Quest Monsters Terry no Wonderland 3D is the Nintendo 3DS 2012 remake of the 1999 Dragon Quest Monsters Published by Square Enix and developed by TOSE,Nintendo,Adventure,"Role-playing (RPG), Adventure",2012.0,157,dragon quest 1 2 3 collection,dragon quest monsters terry no wonderland 3d
TASK_122266,122266,"Dragon Quest 1, 2, 3 Collection",Nintendo,Adventure,2,1821,Dragon Quest X Online,Nintendo,Role-playing (RPG),"Role-playing (RPG), Turn-based strategy (TBS)",2012.0,111,0.3593094130000528,Dragon Quest X Online,Dragon Quest X is a subscriptionbased MMORPG in the Dragon Quest universe It has had 5 expansions since release,Nintendo,Role-playing (RPG),"Role-playing (RPG), Turn-based strategy (TBS)",2012.0,111,dragon quest 1 2 3 collection,dragon quest x online
TASK_122266,122266,"Dragon Quest 1, 2, 3 Collection",Nintendo,Adventure,3,1817,Dragon Quest VI: Realms of Revelation,Nintendo,Role-playing (RPG),"Role-playing (RPG), Sport",2010.0,298,0.3328981629393445,Dragon Quest VI: Realms of Revelation,Dragon Quest VI did not receive an enhanced remake on a console until the Nintendo DS The Dragon Quest VI enhanced remake for the Nintendo DS was announced in late 2007 by Square Enix and was developed by ArtePiazza A handful of changes were made to the game some remaining controversial among fans,Nintendo,Role-playing (RPG),"Role-playing (RPG), Sport",2010.0,298,dragon quest 1 2 3 collection,dragon quest vi realms of revelation
TASK_122266,122266,"Dragon Quest 1, 2, 3 Collection",Nintendo,Adventure,4,149989,Dragon Quest X Offline,Nintendo,Role-playing (RPG),Role-playing (RPG),2022.0,129,0.3219129739386779,Dragon Quest X Offline,Set for release in 2022 Dragon Quest X Offline is a standalone singleplayer remake of the 2012 MMORPG title Dragon Quest X Online,Nintendo,Role-playing (RPG),Role-playing (RPG),2022.0,129,dragon quest 1 2 3 collection,dragon quest x offline
TASK_136195,136195,Kandagawa Jet Girls: Racing Hearts Edition,PlayStation,Adventure,1,11527,Valkyrie Drive: Bhikkhuni,PlayStation,Adventure,"Fighting, Role-playing (RPG), Hack and slash, Adventure",2015.0,198,0.292541355088929,Valkyrie Drive: Bhikkhuni,Valkyrie Drive Bhikkhuni is the allnew allaction brawler from the creators of Senran Kagura The girls of Bhikkhuni are infected with the mysterious VRVirus and the only way to control it is to fight,PlayStation,Adventure,"Fighting, Role-playing (RPG), Hack and slash, Adventure",2015.0,198,kandagawa jet girls racing hearts edition,valkyrie drive bhikkhuni
TASK_136195,136195,Kandagawa Jet Girls: Racing Hearts Edition,PlayStation,Adventure,2,185994,HSV Adventure Racing,Nintendo,Adventure,"Racing, Adventure",1999.0,102,0.2538757891173324,HSV Adventure Racing,HSV Adventure Racing is the Australian version of Beetle Adventure Racing with the cars changed to HSV,Nintendo,Adventure,"Racing, Adventure",1999.0,102,kandagawa jet girls racing hearts edition,hsv adventure racing
TASK_136195,136195,Kandagawa Jet Girls: Racing Hearts Edition,PlayStation,Adventure,3,136669,Senran Kagura: Peach Beach Splash - Sunshine Edition,PlayStation,Shooter,"Shooter, Arcade",2018.0,172,0.1873851947722274,Senran Kagura: Peach Beach Splash - Sunshine Edition,This edition includes the following Senran Kagura Peach Beach Splash Sunshine Edition Yumi Oppai Mousepad Special Box DLC Sunshine Swimsuit 5Costume Set While supplies last,PlayStation,Shooter,"Shooter, Arcade",2018.0,172,kandagawa jet girls racing hearts edition,senran kagura peach beach splash sunshine edition
TASK_136195,136195,Kandagawa Jet Girls: Racing Hearts Edition,PlayStation,Adventure,4,33673,Heroes of the Seven Seas,PlayStation,Adventure,"Racing, Role-playing (RPG), Simulator, Adventure",2016.0,192,0.1590285128674523,Heroes of the Seven Seas,This is about a pirates adventure in the 16th century Player will be the pirate to start a stimulating journey with friends to seek after the legendary Seven Sea Artifact on the mysterious sea,PlayStation,Adventure,"Racing, Role-playing (RPG), Simulator, Adventure",2016.0,192,kandagawa jet girls racing hearts edition,heroes of the seven seas
TASK_138332,138332,Moose Life,PlayStation,Shooter,1,143826,Terra Bomber,Nintendo,Shooter,"Shooter, Indie, Arcade",2020.0,116,0.2510938605445165,Terra Bomber,Terra Bomber is presented as a two dimensional sideways scroller based upon the classic arcade shooters of the 1980s,Nintendo,Shooter,"Shooter, Indie, Arcade",2020.0,116,moose life,terra bomber
TASK_138332,138332,Moose Life,PlayStation,Shooter,2,197528,Hot Tentacles Shooter,Nintendo,Shooter,"Shooter, Indie, Arcade",2022.0,96,0.2482453722505422,Hot Tentacles Shooter,Hot Tentacles Shooter is a formidable 80s style shooter with a pixel art modern and irresistible,Nintendo,Shooter,"Shooter, Indie, Arcade",2022.0,96,moose life,hot tentacles shooter
TASK_138332,138332,Moose Life,PlayStation,Shooter,3,25932,Donuts 'N' Justice,PlayStation,Shooter,"Shooter, Indie, Arcade",2016.0,178,0.24250550505436,Donuts 'N' Justice,Donuts N Justice is a fastpaced 2d horizontal shootemup wherein you take the role of one of two Super Cops in the 1980s to defend their city against gangs violence and corruption,PlayStation,Shooter,"Shooter, Indie, Arcade",2016.0,178,moose life,donuts n justice
TASK_138332,138332,Moose Life,PlayStation,Shooter,4,151516,My Nuclear Octopus,PC,Shooter,"Shooter, Arcade",2020.0,257,0.2370805810885266,My Nuclear Octopus,My Nuclear Octopus is a psychedelic retro arcade game for fans of pure outandout arcade blasters that takes two minutes to learn and hours to master Its an overload of sight and sound for you to lose yourself in Can you make it to the top of the leaderboard,PC,Shooter,"Shooter, Arcade",2020.0,257,moose life,my nuclear octopus
TASK_144870,144870,Puzzling Places,PlayStation,Puzzle,1,157006,Moloko,PC,Puzzle,"Puzzle, Indie",2021.0,505,0.3046671335230058,Moloko,Moloko is a traditional jigsaw puzzle that anyone can easily play If it is a digital jigsaw puzzle there is no need for a wide space to assemble a wooden frame to decorate the finished puzzle and a worry about losing the last one piece You can finish the jigsaw puzzle illustration on the monitor and view the completed illustrations at any time A lot of convenient functions for completing the puzzle Moloko is a definitive version that you can enjoy a jigsaw puzzle of Windows Linux and Android platform,PC,Puzzle,"Puzzle, Indie",2021.0,505,puzzling places,moloko
TASK_144870,144870,Puzzling Places,PlayStation,Puzzle,2,123396,Jigsaw Island: Japan Graffiti,PlayStation,Puzzle,Puzzle,1996.0,419,0.2996296189819231,Jigsaw Island: Japan Graffiti,Jigsaw Island is a jigsaw puzzle game and the third title in Nippon Ichis jigsaw series As in Jigsaw Party and Jigsaw World it combines the jigsaw puzzle with elements of arcade puzzle games tasking two players or a player and the computer with solving a set of puzzles as quickly as possible Pieces are supplied to each player in a specific order and there are also powerups that can be used to hinder the other player,PlayStation,Puzzle,Puzzle,1996.0,419,puzzling places,jigsaw island japan graffiti
TASK_144870,144870,Puzzling Places,PlayStation,Puzzle,3,215059,Only Cassette Coloring!,PC,Puzzle,Puzzle,2021.0,112,0.2956229604613105,Only Cassette Coloring!,People want beautiful mixtapes You can make beautiful cassettes Help them in this small and relaxing puzzle game,PC,Puzzle,Puzzle,2021.0,112,puzzling places,only cassette coloring
TASK_144870,144870,Puzzling Places,PlayStation,Puzzle,4,147718,JigSaw Abundance,PlayStation,Puzzle,Puzzle,2020.0,242,0.2888478268215014,JigSaw Abundance,JigSaw Puzzle game with touchscreen support Use your finger to play your favorite jigsaw puzzle games Now with more themes and more puzzles 50 Different HighQuality Puzzle Images10 different themes to choose from14 calming puzzle music tracks,PlayStation,Puzzle,Puzzle,2020.0,242,puzzling places,jigsaw abundance
TASK_145741,145741,Mastho is Together,Xbox,Puzzle,1,261109,Pipe Dream,Xbox,Puzzle,"Platform, Puzzle, Arcade",2023.0,120,0.2413858992287958,Pipe Dream,This 2D platform game where we manage our little character will make you feel different from the platform games you know,Xbox,Puzzle,"Platform, Puzzle, Arcade",2023.0,120,mastho is together,pipe dream
TASK_145741,145741,Mastho is Together,Xbox,Puzzle,2,228226,Jump Dash Soar,PC,Shooter,"Shooter, Platform, Indie",2022.0,184,0.2311616022111381,Jump Dash Soar,Jump Dash Soar is a frenetic fast and fun movementbased FPS Build incredible speed with a powerful dash mechanic combined with rocket jumping strafe running slope jumps and bounce pads,PC,Shooter,"Shooter, Platform, Indie",2022.0,184,mastho is together,jump dash soar
TASK_145741,145741,Mastho is Together,Xbox,Puzzle,4,9524,Twixel,PC,Shooter,Shooter,2016.0,119,0.1865511484730242,Twixel,Control two independent pixels as you avoid any and all obstacles in the crazily hard and addictive game that is Twixel,PC,Shooter,Shooter,2016.0,119,mastho is together,twixel
TASK_145741,145741,Mastho is Together,Xbox,Puzzle,5,197964,Axolotl is Dry,PC,Adventure,"Platform, Adventure, Indie",2022.0,232,0.1850371715165502,Axolotl is Dry,Axolotl is Dry is a precision platforming game where you play as a little axolotl taken from his home Youll need to jump dash and slide your way through the harsh desert before you sweat yourself dry Help the axolotl get to his home,PC,Adventure,"Platform, Adventure, Indie",2022.0,232,mastho is together,axolotl is dry
TASK_147738,147738,Gryphon Knight Epic: Definitive Edition,PC,Shooter,1,19949,Gryphon Knight Epic,Xbox,Shooter,"Shooter, Indie",2015.0,266,0.9614617280295512,Gryphon Knight Epic,Gryphon Knight Epic is a 2D Medieval Shootem up that mixes elements from classical shootem ups exploration and duellike boss battles it tells the story of Sir Oliver and Aquila an accomplished knight and his loyal gryphon that are forced back to adventure once again,Xbox,Shooter,"Shooter, Indie",2015.0,266,gryphon knight epic definitive edition,gryphon knight epic
TASK_147738,147738,Gryphon Knight Epic: Definitive Edition,PC,Shooter,2,5646,Raiden IV OverKill,PlayStation,Shooter,"Shooter, Arcade",2014.0,202,0.2357326383107552,Raiden IV OverKill,The series that changed the history of arcade shootem ups is back with the crazed action of Overkill mode Instill fear in your enemies with devastating attacks and earn the acclaimed title of Master Ace,PlayStation,Shooter,"Shooter, Arcade",2014.0,202,gryphon knight epic definitive edition,raiden iv overkill
TASK_147738,147738,Gryphon Knight Epic: Definitive Edition,PC,Shooter,3,7154,Raiden IV,Xbox,Shooter,Shooter,2007.0,204,0.2293713137979831,Raiden IV,THE ROAR OF THUNDER IS BACK THE SERIES THAT CHANGED THE HISTORY OF ARCADE SHOOTEM UPS IS COMING TO XBOX 360 Instill fear in your enemies with devastating attacks and earn the acclaimed title of Master Ace,Xbox,Shooter,Shooter,2007.0,204,gryphon knight epic definitive edition,raiden iv
TASK_147738,147738,Gryphon Knight Epic: Definitive Edition,PC,Shooter,4,57089,Bullet Hell Monday,PC,Shooter,"Shooter, Indie, Arcade",2016.0,102,0.2178509145754047,Bullet Hell Monday,Spacethemed bullet hell shootem up game by Masayuki Ito Features many levels and upgrades to your ship,PC,Shooter,"Shooter, Indie, Arcade",2016.0,102,gryphon knight epic definitive edition,bullet hell monday
TASK_14887,14887,Championship Manager 2007,Xbox,Simulator,1,152486,Soccer Manager 2021,PC,Simulator,"Simulator, Sport, Strategy, Tactical",2020.0,751,0.3801290281504786,Soccer Manager 2021,Be a top football manager in Soccer Manager 2021 Take a football team to the top and test your management skills against the best or help a struggling team fight for glory Be a top football manager in Soccer Manager 2021 free football management game Take a football team to the top and test your management skills and build your top eleven Choose from over 800 clubs from 33 countries around the world As the football manager you control all aspects of your club Football coach duties include planning training sessions developing your clubs facilities transfers squad selection assigning squad numbers and deciding team tactics Soccer Manager 2021s level of control for your football team makes it one of the most immersive football management games,PC,Simulator,"Simulator, Sport, Strategy, Tactical",2020.0,751,championship manager 2007,soccer manager 2021
TASK_14887,14887,Championship Manager 2007,Xbox,Simulator,2,945,Football Manager 2007,Xbox,Simulator,"Simulator, Sport, Strategy",2006.0,607,0.3574457774442289,Football Manager 2007,Football Manager 2007 sold in the United States and Canada as Worldwide Soccer Manager 2007 is the third game in the Football Manager series of football management simulation games by Sports Interactive published by Sega It was released for the PC Mac AppleIntel on 18 October 2006 with Xbox 360 and PlayStation Portable versions following in December 2006 The games developers claim that the new version includes over 100 new features as well as small adjustments and bug fixes but it is essentially the second seasonal update of Football Manager 2005 following on from the successful Football Manager 2006,Xbox,Simulator,"Simulator, Sport, Strategy",2006.0,607,championship manager 2007,football manager 2007
TASK_14887,14887,Championship Manager 2007,Xbox,Simulator,3,255465,Striker Manager 3,PC,Simulator,"Simulator, Sport, Strategy",2023.0,210,0.3447752219131625,Striker Manager 3,Striker Manager 3 is the best Play to Earn multiplayer football manager game that combines the fun of traditional football games with the ability to be the owner of your ingame assets Manager your time has come,PC,Simulator,"Simulator, Sport, Strategy",2023.0,210,championship manager 2007,striker manager 3
TASK_14887,14887,Championship Manager 2007,Xbox,Simulator,4,8974,Football Manager 2013,PC,Strategy,"Sport, Strategy",2012.0,392,0.2942431570851113,Football Manager 2013,Football Manager 2013 often abbreviated to Football Manager 13 or more commonly FM13 is a 2012 football management simulation video game developed by Sports Interactive and published by Sega It was released on Microsoft Windows and OS X on 2 November 2012 Football Manager Handheld 2013 was subsequently published for PlayStation Portable on 30 November and for iOS and Android on 13 December,PC,Strategy,"Sport, Strategy",2012.0,392,championship manager 2007,football manager 2013
TASK_148964,148964,Warstride Challenges,Xbox,Shooter,1,132599,Gutwhale,Xbox,Shooter,"Shooter, Platform, Indie, Arcade",2020.0,132,0.2044976137645346,Gutwhale,Gutwhale is a finite roguelite about managing the space between you and your ammo while fighting your way through a digestive system,PlayStation,Shooter,"Shooter, Platform, Indie, Arcade",2020.0,132,warstride challenges,gutwhale
TASK_148964,148964,Warstride Challenges,Xbox,Shooter,2,237156,Enter the Slayer,PC,Role-playing (RPG),"Role-playing (RPG), Indie",2023.0,240,0.2000078882109657,Enter the Slayer,Enter the Slayer and engage in fast paced skill based exciting isometric directional combat Build your strength customize your character and slay your competition Fight to the top and experience challenging content that will test your skill,PC,Role-playing (RPG),"Role-playing (RPG), Indie",2023.0,240,warstride challenges,enter the slayer
TASK_148964,148964,Warstride Challenges,Xbox,Shooter,3,153862,Earth Marines,PlayStation,Shooter,"Shooter, Platform, Indie",2021.0,112,0.1672971878781913,Earth Marines,Earth Marines a dynamic top down shooter in which you need to save the planet from dangerous zombie brain eaters,PlayStation,Shooter,"Shooter, Platform, Indie",2021.0,112,warstride challenges,earth marines
TASK_148964,148964,Warstride Challenges,Xbox,Shooter,4,273551,Wicked Be The Ways of Men,PC,Shooter,Shooter,2005.0,398,0.1665338900292216,Wicked Be The Ways of Men,This map is different from most other maps in that the player progresses differently through the map depending on the skill level Each skill level starts the map at a different location and some of the traps are skilllevel specific Additionally the keys and weapons are at different locations for the different skill levels and there are some areas that are only accessible to specific skill levels,PC,Shooter,Shooter,2005.0,398,warstride challenges,wicked be the ways of men
TASK_152428,152428,Sweet Sugar Candy,Nintendo,Puzzle,1,175789,Devil Tears,PC,Puzzle,"Platform, Puzzle, Indie",2021.0,369,0.2061261537389714,Devil Tears,Devil Tears is a 2D platformer in which the player jumps over the cells heading for the exit blocks fall from above that can crush him spikes are placed on the levels You must overcome all levels using your reaction and logical thinking The devil is trapped in his own hell and now he needs to get out of the trap because someone drops objects on him that can crush him,PC,Puzzle,"Platform, Puzzle, Indie",2021.0,369,sweet sugar candy,devil tears
TASK_152428,152428,Sweet Sugar Candy,Nintendo,Puzzle,2,225638,Villain Project,PC,Puzzle,Puzzle,2020.0,164,0.1953481010853167,Villain Project,Each image is like a chapter of a book To understand the whole story complete all levels and check Leopold and his adventure his practice session and his final test,PC,Puzzle,Puzzle,2020.0,164,sweet sugar candy,villain project
TASK_152428,152428,Sweet Sugar Candy,Nintendo,Puzzle,3,147586,Candy Match Kiddies,Nintendo,Puzzle,"Puzzle, Arcade",2021.0,164,0.1922774760945701,Candy Match Kiddies,Line up candies in this entertaining and captivating matching game by 3 Help Kiddies get ready for a fabulous fiesta by collecting an assortment of delicious treats,Nintendo,Puzzle,"Puzzle, Arcade",2021.0,164,sweet sugar candy,candy match kiddies
TASK_152428,152428,Sweet Sugar Candy,Nintendo,Puzzle,4,265781,Paraido,PC,Puzzle,"Puzzle, Indie",2023.0,128,0.1908011284248904,Paraido,Paraido is a unique and relaxing puzzle game Complete levels by moving and rotating hexagonalshapes into their correct positions,PC,Puzzle,"Puzzle, Indie",2023.0,128,sweet sugar candy,paraido
TASK_16173,16173,Magic: The Gathering - Duels of the Planeswalkers 2012,Xbox,Strategy,1,132404,Eternower,PC,Puzzle,"Puzzle, Turn-based strategy (TBS), Indie",2020.0,95,0.2560708727267801,Eternower,Eternower is a mazingfocused Tower Defense Minimalistic thematically opportunistic mechanically,PC,Puzzle,"Puzzle, Turn-based strategy (TBS), Indie",2020.0,95,magic the gathering duels of the planeswalkers 2012,eternower
TASK_16173,16173,Magic: The Gathering - Duels of the Planeswalkers 2012,Xbox,Strategy,2,154678,Master of Magic: Caster of Magic for Windows,PC,Strategy,"Strategy, Turn-based strategy (TBS)",2021.0,129,0.2437311268954369,Master of Magic: Caster of Magic for Windows,Caster of Magic the community update to the classic Master of Magic is brought to the modern era with Caster of Magic for Windows,PC,Strategy,"Strategy, Turn-based strategy (TBS)",2021.0,129,magic the gathering duels of the planeswalkers 2012,master of magic caster of magic for windows
TASK_16173,16173,Magic: The Gathering - Duels of the Planeswalkers 2012,Xbox,Strategy,3,76445,Intergalactic traveler: The Omega Sector,PC,Puzzle,"Puzzle, Turn-based strategy (TBS), Indie, Arcade",2017.0,85,0.2382013698467371,Intergalactic traveler: The Omega Sector,A game about solving labyrinths with puzzles and battles in order to test your skills,PC,Puzzle,"Puzzle, Turn-based strategy (TBS), Indie, Arcade",2017.0,85,magic the gathering duels of the planeswalkers 2012,intergalactic traveler the omega sector
TASK_16173,16173,Magic: The Gathering - Duels of the Planeswalkers 2012,Xbox,Strategy,4,266240,Brawlers,PC,Strategy,"Strategy, Indie",2023.0,153,0.2341040620993434,Brawlers,One of the top Web3 fighting games developed by Tyranno Studios A rowdy collision of strategy and suplexes designed by the Magic The Gathering mastermind,PC,Strategy,"Strategy, Indie",2023.0,153,magic the gathering duels of the planeswalkers 2012,brawlers
TASK_171103,171103,Wraiths of Sentinel,PC,Role-playing (RPG),1,130097,盛世遮天,PC,Role-playing (RPG),Role-playing (RPG),2019.0,191,0.4643585834315241,盛世遮天,盛世遮天是一款大型多人APRG游戏游戏中拥有养成冒险打斗社交互动等各种丰富多样的功能玩家可以通过点击空白处的方式控制自己的角色在3D静态地图配合2D动态模型的即时光影成像技术下与怪物战斗和兄弟结盟挥洒热血激战沙场在服务器架构上支持多服务器动态支撑技术能容纳数万玩家在游戏内娱乐游戏美术设计上汲取了东西方的美术元素使用玄幻而写实的美术风格人物造型华丽而独特富有真实立体效果和绚丽的光影,PC,Role-playing (RPG),Role-playing (RPG),2019.0,191,wraiths of sentinel,
TASK_171103,171103,Wraiths of Sentinel,PC,Role-playing (RPG),4,156638,传奇世界之仗剑天涯H5,PC,Role-playing (RPG),Role-playing (RPG),2020.0,88,0.4643585834315241,传奇世界之仗剑天涯H5,传奇世界之仗剑天涯H5荣耀版资料片燃爆来袭不再是广告多倍升级万倍伤害天天攻沙流水线挂机刷怪高画质更流畅酷炫拽技能免费抽极炫外观任意搭震撼视觉狂战氛围快来觉醒传世魂轻狂热血续青春,PC,Role-playing (RPG),Role-playing (RPG),2020.0,88,wraiths of sentinel,h5
TASK_172625,172625,LEGO Dimensions: Excalibur Batman Fun Pack,Xbox,Adventure,1,15514,Excalibur 2555 A.D.,PC,Adventure,"Puzzle, Adventure",1997.0,285,0.2972569756597581,Excalibur 2555 A.D.,The future is about to become history The legendary sword Excalibur has been stolen by raiders from the far future As Merlins apprentice you are sent forward in time equipped with only a broadsword and limited spellcasting ability Your mission recover Excalibur and prevent catastrophe,PC,Adventure,"Puzzle, Adventure",1997.0,285,lego dimensions excalibur batman fun pack,excalibur 2555 a d
TASK_172625,172625,LEGO Dimensions: Excalibur Batman Fun Pack,Xbox,Adventure,2,10910,LEGO Worlds,Nintendo,Adventure,"Puzzle, Adventure",2017.0,680,0.2456919440316209,LEGO Worlds,LEGO Worlds is an open environment of procedurallygenerated Worlds made entirely of LEGO bricks which you can freely manipulate and dynamically populate with LEGO models Create anything you can imagine one brick at a time or use largescale landscaping tools to create vast mountain ranges and dot your world with tropical islands Drop in prefabricated structures to build and customize any world to your liking Explore using helicopters dragons motorbikes or even gorillas and unlock treasures that enhance your gameplay Watch your creations come to life through characters and creatures that interact with you and each other in unexpected ways In LEGO Worlds anything is possible,Nintendo,Adventure,"Puzzle, Adventure",2017.0,680,lego dimensions excalibur batman fun pack,lego worlds
TASK_172625,172625,LEGO Dimensions: Excalibur Batman Fun Pack,Xbox,Adventure,3,199517,LEGO Star Wars: The Skywalker Saga - Classic Character Pack,PC,Adventure,Adventure,2022.0,198,0.229214102025531,LEGO Star Wars: The Skywalker Saga - Classic Character Pack,Play as the classic LEGO variants of Luke Leia Han Lando and Darth Vader in LEGO Star Wars The Skywalker Saga Explore the galaxy as iconic characters based on the original LEGO minifigures from 1999,PC,Adventure,Adventure,2022.0,198,lego dimensions excalibur batman fun pack,lego star wars the skywalker saga classic character pack
TASK_172625,172625,LEGO Dimensions: Excalibur Batman Fun Pack,Xbox,Adventure,4,172581,LEGO Dimensions: Aquaman Fun Pack,Xbox,Adventure,"Puzzle, Adventure",2016.0,477,0.2235189025309599,LEGO Dimensions: Aquaman Fun Pack,Become the King of the Seven Seas with Aquaman from DC Comics Build Aquaman and add him to a crazy mashup multiverse of your favorite characters Place this aquatic hero on the Lego Toy Pad to bring him to life in the game then activate his special Dive Growth Atlantis and Hazard Cleaner abilities to solve puzzles and take down rivals Use the Aqua Watercraft when you need a swift getaway and rebuild it into a Seven Seas Speeder and Trident of Fire for upgraded ingame powers,Xbox,Adventure,"Puzzle, Adventure",2016.0,477,lego dimensions excalibur batman fun pack,lego dimensions aquaman fun pack
TASK_173725,173725,The Tower of TigerQiuQiu 2: Warp Tiger M03,PC,Simulator,1,173728,The Tower of TigerQiuQiu 2: Warp Tiger M12,PC,Simulator,"Racing, Simulator, Sport, Strategy, Indie",2021.0,197,0.93495359069242,The Tower of TigerQiuQiu 2: Warp Tiger M12,To clean up small monsters in outer space you can use a space gun and place a highexplosive bomb that will sweep away the small monsters in the range The DLC include Full 10 Missions of map pack 12,PC,Simulator,"Racing, Simulator, Sport, Strategy, Indie",2021.0,197,the tower of tigerqiuqiu 2 warp tiger m03,the tower of tigerqiuqiu 2 warp tiger m12
TASK_173725,173725,The Tower of TigerQiuQiu 2: Warp Tiger M03,PC,Simulator,2,189530,The Tower of TigerQiuQiu 2: Warp Tiger M14,PC,Simulator,"Racing, Simulator, Sport, Strategy, Indie",2021.0,198,0.9340989653112198,The Tower of TigerQiuQiu 2: Warp Tiger M14,To clean up small monsters in outer space you can use a space gun and place a highexplosive bomb that will sweep away the small monsters in the range This DLC include Full 10 Missions of map pack 14,PC,Simulator,"Racing, Simulator, Sport, Strategy, Indie",2021.0,198,the tower of tigerqiuqiu 2 warp tiger m03,the tower of tigerqiuqiu 2 warp tiger m14
TASK_173725,173725,The Tower of TigerQiuQiu 2: Warp Tiger M03,PC,Simulator,3,189523,The Tower of TigerQiuQiu 2: Warp Tiger M11,PC,Simulator,"Racing, Simulator, Sport, Strategy, Indie",2021.0,198,0.933812548697312,The Tower of TigerQiuQiu 2: Warp Tiger M11,To clean up small monsters in outer space you can use a space gun and place a highexplosive bomb that will sweep away the small monsters in the range This DLC include Full 10 Missions of map pack 11,PC,Simulator,"Racing, Simulator, Sport, Strategy, Indie",2021.0,198,the tower of tigerqiuqiu 2 warp tiger m03,the tower of tigerqiuqiu 2 warp tiger m11
TASK_173725,173725,The Tower of TigerQiuQiu 2: Warp Tiger M03,PC,Simulator,4,173737,The Tower of TigerQiuQiu 2: Warp Tiger M02,PC,Simulator,"Racing, Simulator, Sport, Strategy, Indie",2021.0,197,0.925364071625455,The Tower of TigerQiuQiu 2: Warp Tiger M02,To clean up small monsters in outer space you can use a space gun and place a highexplosive bomb that will sweep away the small monsters in the range The DLC include Full 10 Missions of map pack 02,PC,Simulator,"Racing, Simulator, Sport, Strategy, Indie",2021.0,197,the tower of tigerqiuqiu 2 warp tiger m03,the tower of tigerqiuqiu 2 warp tiger m02
TASK_177379,177379,Friagem,PC,Puzzle,1,105195,YAPP2: Yet Another Pushing Puzzler 2,PC,Puzzle,"Puzzle, Indie",2018.0,157,0.3123773429256074,YAPP2: Yet Another Pushing Puzzler 2,Yet Another Pushing Puzzler 2 it is yet another pushing puzzler in which you have to push boxes onto specific locations What makes this game unique is Its 3D,PC,Puzzle,"Puzzle, Indie",2018.0,157,friagem,yapp2 yet another pushing puzzler 2
TASK_177379,177379,Friagem,PC,Puzzle,2,162208,Invisible Services: Pixel Art Jigsaw Puzzle,PC,Puzzle,Puzzle,2021.0,109,0.2545054139342399,Invisible Services: Pixel Art Jigsaw Puzzle,Invisible Services is a minimalist jigsaw puzzle game that mixes GIF and photographs instead of static images,PC,Puzzle,Puzzle,2021.0,109,friagem,invisible services pixel art jigsaw puzzle
TASK_177379,177379,Friagem,PC,Puzzle,3,135321,Life In Captivity,PC,Puzzle,"Puzzle, Indie",2019.0,192,0.211621155136412,Life In Captivity,A puzzle game that mixes the rules of Sokoban with the rules of Conways Game Of Life forming a curious and challenging hybrid that explores the collision of those two systems through 20 levels,PC,Puzzle,"Puzzle, Indie",2019.0,192,friagem,life in captivity
TASK_177379,177379,Friagem,PC,Puzzle,4,195147,Mini Pipes,PC,Puzzle,"Puzzle, Indie",2022.0,122,0.2058703652513986,Mini Pipes,Mini Pipes is a game that mixes minimalist puzzle and puzzle pipes Rotate all pipes until all water connections are closed,PC,Puzzle,"Puzzle, Indie",2022.0,122,friagem,mini pipes
TASK_178787,178787,Galaxy Shooter,PlayStation,Shooter,1,8634,Alien Shooter,PlayStation,Role-playing (RPG),"Shooter, Role-playing (RPG), Indie, Arcade",2003.0,894,0.2551154278855256,Alien Shooter,Alien Shooter is an topdown shooter video game from Sigma Team created in 2003 It is the first title in the Alien Shooter series to be followed by Alien Shooter Vengeance Alien Shooter has two expansions Fight for Life and The Experiment They each contain five new levels including the conclusion to the alien shooter story The player plays as a marine tasked to clear out an experimental laboratory where teleportation devices have allowed legions of aliens to pour into the world The player has been given explosives to open up the sealed doors into these top secret areas they had security measures in place so there will be stationery minigun turrets available to take them out The government has given access to all the most advanced weaponry available in hopes of ridding the problem after receiving too many casualties of the previous military assault A heavy burden is placed on one man,PlayStation,Role-playing (RPG),"Shooter, Role-playing (RPG), Indie, Arcade",2003.0,894,galaxy shooter,alien shooter
TASK_178787,178787,Galaxy Shooter,PlayStation,Shooter,2,262369,Space Interceptor,PC,Shooter,Shooter,1995.0,215,0.2354125051360318,Space Interceptor,Space Interceptor is an Asteroids tpye of game where you have to avoid not only asteroids but also aliens Space Interceptor Deluxe Edition is the name for the registered version which unlocks more levels and enemies,PC,Shooter,Shooter,1995.0,215,galaxy shooter,space interceptor
TASK_178787,178787,Galaxy Shooter,PlayStation,Shooter,3,222146,G-Mode Archives+: Danmaku Kentei Shiken DaiOuJou-hen,PC,Shooter,"Shooter, Arcade",2022.0,385,0.2275435225938628,G-Mode Archives+: Danmaku Kentei Shiken DaiOuJou-hen,This game Danmakukenteishiken is a shooting game that allows you to diagnose your ability to deal with a barrage of bullets by continuing to fight against opponents who get stronger with each defeat This is a shooting game that diagnoses your ability to deal with a barrage of bullets In this game named DaiOuJouhen the vicious bosses from DoDonPachi DaiOuJou will block your challenge,PC,Shooter,"Shooter, Arcade",2022.0,385,galaxy shooter,g mode archives danmaku kentei shiken daioujou hen
TASK_178787,178787,Galaxy Shooter,PlayStation,Shooter,4,145669,Space 2: Breakthrough Gaming Arcade,PC,Shooter,"Shooter, Arcade",2020.0,234,0.2158670357810674,Space 2: Breakthrough Gaming Arcade,Its a war in space You are one of the guardians of this area and its your job to defeat the mega amount of space foes and avoid the asteroids They are all flying at sonic speeds so you have to be quick and brave Pilot your ship and go,Xbox,Shooter,"Shooter, Arcade",2020.0,234,galaxy shooter,space 2 breakthrough gaming arcade
TASK_183639,183639,Fortnite: Chapter 3,PlayStation,Role-playing (RPG),1,157930,破坏效应,PC,Role-playing (RPG),Role-playing (RPG),2020.0,106,0.3068720065185377,破坏效应,破坏效应是一款融合了MMO和MOBA双玩法的游戏暗黑式ARPG英雄乱斗立体地下城对战非对称式英雄阵营自定义动作技能开启不一样的战场体验力求让玩家体验最没有束缚的乱斗快感从一场战斗开始你无所不能异世英雄即刻乱斗上场,PC,Role-playing (RPG),Role-playing (RPG),2020.0,106,fortnite chapter 3,
TASK_183639,183639,Fortnite: Chapter 3,PlayStation,Role-playing (RPG),2,156786,Home and Dungeon,PC,Role-playing (RPG),Role-playing (RPG),2020.0,95,0.3068720065185377,Home and Dungeon,在幻想的世界里冒险采集建造城镇过上梦想中的慢生活是这款RPG游戏的主打特色在体验RPG内容的同时还可以享受到其他丰富多彩的要素些许的好奇心便能带你领略这款独一无二的日式RPG游戏一起来探索吧,PC,Role-playing (RPG),Role-playing (RPG),2020.0,95,fortnite chapter 3,home and dungeon
TASK_187480,187480,Dungeons of Shalnor,Nintendo,Role-playing (RPG),1,158155,幻刃录,PC,Role-playing (RPG),Role-playing (RPG),2020.0,191,0.344710557538693,幻刃录,幻刃录是一款西游题材的RPG仙侠游戏不单拥有丰富的玩法精美的场景炫丽的打斗特效等特色更有幻刃神兵特色养成系统在游戏里你可将一块凡铁打造成为能与孙悟空金箍棒同阶的存在幻刃神兵多种形态可满足玩家培养的欲望游戏中更新悟空虎装唐僧袈裟等特色时装让玩家本色出演加入仙门学习仙法丰富副本获得法宝开局送神兵通关送vip元宝直接掉落拥有VIP与神兵的你可以创建家族制霸全服快来与孙悟空一起大闹天宫吧,PC,Role-playing (RPG),Role-playing (RPG),2020.0,191,dungeons of shalnor,
TASK_187480,187480,Dungeons of Shalnor,Nintendo,Role-playing (RPG),3,156638,传奇世界之仗剑天涯H5,PC,Role-playing (RPG),Role-playing (RPG),2020.0,88,0.344710557538693,传奇世界之仗剑天涯H5,传奇世界之仗剑天涯H5荣耀版资料片燃爆来袭不再是广告多倍升级万倍伤害天天攻沙流水线挂机刷怪高画质更流畅酷炫拽技能免费抽极炫外观任意搭震撼视觉狂战氛围快来觉醒传世魂轻狂热血续青春,PC,Role-playing (RPG),Role-playing (RPG),2020.0,88,dungeons of shalnor,h5
TASK_19280,19280,GeneRally,PC,Strategy,1,129271,Formula Retro Racing,PlayStation,Simulator,"Racing, Simulator, Indie, Arcade",2020.0,118,0.4470473497937484,Formula Retro Racing,Formula Retro Racing is a retro style arcade racing game thats influenced classic arcade racing games of the early 90s,PlayStation,Simulator,"Racing, Simulator, Indie, Arcade",2020.0,118,generally,formula retro racing
TASK_19280,19280,GeneRally,PC,Strategy,2,200462,Flatout Pixel Racing,PlayStation,Simulator,"Racing, Simulator, Sport, Arcade",2022.0,84,0.3025651973274914,Flatout Pixel Racing,Go flatout No brakes needed A retro arcade top down racing game in a pixel art style,PlayStation,Simulator,"Racing, Simulator, Sport, Arcade",2022.0,84,generally,flatout pixel racing
TASK_19280,19280,GeneRally,PC,Strategy,3,7140,Screamer,PC,Simulator,"Racing, Simulator, Sport",1995.0,271,0.2894170855496816,Screamer,Screamer is a traditional arcade racing game The player can drive many different cars such as a Corvette a Porsche 911 and others The game has varied tracks all of which are available in backwards mode Players can take on the Bullet car for the ultimate championship race,PC,Simulator,"Racing, Simulator, Sport",1995.0,271,generally,screamer
TASK_19280,19280,GeneRally,PC,Strategy,4,207275,Formula Bit Racing DX,PlayStation,Simulator,"Racing, Simulator, Sport, Arcade",2022.0,167,0.2724974642796067,Formula Bit Racing DX,Formula Bit Racing DX is a fun arcade racing game where each curve and lap recreate classic gameplay and offers you unbound speed limits of fun Full throttle and enjoy,PlayStation,Simulator,"Racing, Simulator, Sport, Arcade",2022.0,167,generally,formula bit racing dx
TASK_208579,208579,Super Toy Cars 1 & 2 Bundle,Nintendo,Simulator,1,7140,Screamer,PC,Simulator,"Racing, Simulator, Sport",1995.0,271,0.330776435232906,Screamer,Screamer is a traditional arcade racing game The player can drive many different cars such as a Corvette a Porsche 911 and others The game has varied tracks all of which are available in backwards mode Players can take on the Bullet car for the ultimate championship race,PC,Simulator,"Racing, Simulator, Sport",1995.0,271,super toy cars 1 2 bundle,screamer
TASK_208579,208579,Super Toy Cars 1 & 2 Bundle,Nintendo,Simulator,2,129271,Formula Retro Racing,PlayStation,Simulator,"Racing, Simulator, Indie, Arcade",2020.0,118,0.2724973711146276,Formula Retro Racing,Formula Retro Racing is a retro style arcade racing game thats influenced classic arcade racing games of the early 90s,PlayStation,Simulator,"Racing, Simulator, Indie, Arcade",2020.0,118,super toy cars 1 2 bundle,formula retro racing
TASK_208579,208579,Super Toy Cars 1 & 2 Bundle,Nintendo,Simulator,3,20763,Race Driver: Create & Race,Nintendo,Simulator,"Racing, Simulator",2008.0,142,0.2550824237559674,Race Driver: Create & Race,Codemasters racing sim comes to the DS for the first time Create Races unique selling point is the ability to custombuild your own race tracks,Nintendo,Simulator,"Racing, Simulator",2008.0,142,super toy cars 1 2 bundle,race driver create race
TASK_208579,208579,Super Toy Cars 1 & 2 Bundle,Nintendo,Simulator,4,111869,Trafic Road Rush,PC,Simulator,"Racing, Simulator, Sport",2018.0,80,0.2457446749397202,Trafic Road Rush,Show the real drive on the endless road Unique cars fast driving tuning gameplay,PC,Simulator,"Racing, Simulator, Sport",2018.0,80,super toy cars 1 2 bundle,trafic road rush
TASK_21051,21051,Chaos Wars,PlayStation,Role-playing (RPG),1,128325,封神策,PC,Role-playing (RPG),"Role-playing (RPG), Strategy",2020.0,169,0.3828528596112886,封神策,封神策是一款可以自创修炼仙法的封神修仙题材动作游戏你将扮演个性的仙门奇人进入到殷商封神时期帮助哪吒辅佐周文王周武王讨伐商纣与妖邪斗智斗勇在这里你可以自由修炼千百种仙法道法心法组合仙法技能从而自创出一套属于你自己的特殊技能连招华丽撼动天地的特效满屏释放挑战神魔收集神器都是小意思你还能创立自己的仙门成为开山鼻祖亦或是打遍全服玩家成就神界霸主,PC,Role-playing (RPG),"Role-playing (RPG), Strategy",2020.0,169,chaos wars,
TASK_21051,21051,Chaos Wars,PlayStation,Role-playing (RPG),2,43414,Spectral Force Chronicle,PlayStation,Role-playing (RPG),"Role-playing (RPG), Strategy",2005.0,130,0.3548353170640202,Spectral Force Chronicle,Spectral Force Chronicle is a RolePlaying game developed by Xpec and published by Idea Factory which was released in Japan in 2005,PlayStation,Role-playing (RPG),"Role-playing (RPG), Strategy",2005.0,130,chaos wars,spectral force chronicle
TASK_21051,21051,Chaos Wars,PlayStation,Role-playing (RPG),3,156786,Home and Dungeon,PC,Role-playing (RPG),Role-playing (RPG),2020.0,95,0.3515387814410513,Home and Dungeon,在幻想的世界里冒险采集建造城镇过上梦想中的慢生活是这款RPG游戏的主打特色在体验RPG内容的同时还可以享受到其他丰富多彩的要素些许的好奇心便能带你领略这款独一无二的日式RPG游戏一起来探索吧,PC,Role-playing (RPG),Role-playing (RPG),2020.0,95,chaos wars,home and dungeon
TASK_21051,21051,Chaos Wars,PlayStation,Role-playing (RPG),4,156638,传奇世界之仗剑天涯H5,PC,Role-playing (RPG),Role-playing (RPG),2020.0,88,0.3515387814410513,传奇世界之仗剑天涯H5,传奇世界之仗剑天涯H5荣耀版资料片燃爆来袭不再是广告多倍升级万倍伤害天天攻沙流水线挂机刷怪高画质更流畅酷炫拽技能免费抽极炫外观任意搭震撼视觉狂战氛围快来觉醒传世魂轻狂热血续青春,PC,Role-playing (RPG),Role-playing (RPG),2020.0,88,chaos wars,h5
TASK_21429,21429,Vikings: Wolves of Midgard,Xbox,Role-playing (RPG),1,158155,幻刃录,PC,Role-playing (RPG),Role-playing (RPG),2020.0,191,0.2853868374634929,幻刃录,幻刃录是一款西游题材的RPG仙侠游戏不单拥有丰富的玩法精美的场景炫丽的打斗特效等特色更有幻刃神兵特色养成系统在游戏里你可将一块凡铁打造成为能与孙悟空金箍棒同阶的存在幻刃神兵多种形态可满足玩家培养的欲望游戏中更新悟空虎装唐僧袈裟等特色时装让玩家本色出演加入仙门学习仙法丰富副本获得法宝开局送神兵通关送vip元宝直接掉落拥有VIP与神兵的你可以创建家族制霸全服快来与孙悟空一起大闹天宫吧,PC,Role-playing (RPG),Role-playing (RPG),2020.0,191,vikings wolves of midgard,
TASK_21429,21429,Vikings: Wolves of Midgard,Xbox,Role-playing (RPG),2,156638,传奇世界之仗剑天涯H5,PC,Role-playing (RPG),Role-playing (RPG),2020.0,88,0.2853868374634929,传奇世界之仗剑天涯H5,传奇世界之仗剑天涯H5荣耀版资料片燃爆来袭不再是广告多倍升级万倍伤害天天攻沙流水线挂机刷怪高画质更流畅酷炫拽技能免费抽极炫外观任意搭震撼视觉狂战氛围快来觉醒传世魂轻狂热血续青春,PC,Role-playing (RPG),Role-playing (RPG),2020.0,88,vikings wolves of midgard,h5
TASK_21429,21429,Vikings: Wolves of Midgard,Xbox,Role-playing (RPG),3,156786,Home and Dungeon,PC,Role-playing (RPG),Role-playing (RPG),2020.0,95,0.2853868374634929,Home and Dungeon,在幻想的世界里冒险采集建造城镇过上梦想中的慢生活是这款RPG游戏的主打特色在体验RPG内容的同时还可以享受到其他丰富多彩的要素些许的好奇心便能带你领略这款独一无二的日式RPG游戏一起来探索吧,PC,Role-playing (RPG),Role-playing (RPG),2020.0,95,vikings wolves of midgard,home and dungeon
TASK_215428,215428,Under Maintenance,PC,Simulator,1,39273,H.I.S.T.O.R.Y T.O.R.C.H.K.A,PC,Simulator,"Simulator, Indie",2017.0,188,0.2723191974877724,H.I.S.T.O.R.Y T.O.R.C.H.K.A,Почувствуй весь кайф приключений мать его Джони и очутись в шкуре этого отбитого парня который ради лучшего друга вступил своими пятками в это дерьмо и оказался на дне нашего бренного мира,PC,Simulator,"Simulator, Indie",2017.0,188,under maintenance,h i s t o r y t o r c h k a
TASK_215428,215428,Under Maintenance,PC,Simulator,2,165791,Fishy,PC,Simulator,"Simulator, Indie, Visual Novel",2021.0,140,0.269585296276256,Fishy,Fishy is a heartfelt visual novel about friends enemies acceptance and monsters Explore the aquarium face your fears and maybe make a friend,PC,Simulator,"Simulator, Indie, Visual Novel",2021.0,140,under maintenance,fishy
TASK_215428,215428,Under Maintenance,PC,Simulator,3,266785,Virtual Love Secrets,PC,Simulator,"Simulator, Indie, Visual Novel",2023.0,118,0.264901811246977,Virtual Love Secrets,A visual novel a little unusual which not only the decisions you make change the course but each game will be personal,PC,Simulator,"Simulator, Indie, Visual Novel",2023.0,118,under maintenance,virtual love secrets
TASK_215428,215428,Under Maintenance,PC,Simulator,4,164528,​Our Life: Beginnings & Always - Step 1 Expansion,PC,Simulator,"Simulator, Indie, Visual Novel",2020.0,93,0.2611039379778079,​Our Life: Beginnings & Always - Step 1 Expansion,Enjoy the summer of childhood even more by doubling the amount of moments available in Step 1,PC,Simulator,"Simulator, Indie, Visual Novel",2020.0,93,under maintenance,our life beginnings always step 1 expansion
TASK_218222,218222,My Universe: My Baby Dragon,PlayStation,Adventure,1,47910,My Baby First Steps,Nintendo,Simulator,Simulator,2009.0,388,0.3998270358406254,My Baby First Steps,Teach your Baby to Walk Talk and Play Your baby has grown so fast Can you believe that a year has already gone by Take care of your baby from their 1st birthday until theyre 3 years old Your baby will discover its entire environment and learn from it theyll walk babble and speak try to catch every object they can and put everything in their mouth Your baby will be the apple of your eye,Nintendo,Simulator,Simulator,2009.0,388,my universe my baby dragon,my baby first steps
TASK_218222,218222,My Universe: My Baby Dragon,PlayStation,Adventure,2,229362,Gregory's Epic Adventure,PC,Adventure,"Adventure, Visual Novel",2020.0,80,0.2725585423463552,Gregory's Epic Adventure,Visualnovelepicadventurepuzzleparodything baby Give it a go for your pal Gregory,PC,Adventure,"Adventure, Visual Novel",2020.0,80,my universe my baby dragon,gregory s epic adventure
TASK_218222,218222,My Universe: My Baby Dragon,PlayStation,Adventure,3,47898,Hello Baby!,Nintendo,Simulator,Simulator,2008.0,793,0.2595940197242956,Hello Baby!,Hello Baby gives you the opportunity to be a babysitter who must look after a sevenmonthold bouncing baby until its one yearold From morning until evening you must care for the charming youngster by feeding it playing entertaining games and even changing nappies Caring for your new baby friend couldnt be easier thanks to a range of different minigames themed around typical babysitting activities So whether youre making sheep jump over a fence to send the tot to sleep or ensuring the milk bottle is the perfect temperature youre guaranteed hours of brilliant baby fun Whats more by successfully completing the various child challenges you can unlock a range of new outfits for your baby including clothes hats and accessories In fact there are 10000 potential combinations of items to wear,Nintendo,Simulator,Simulator,2008.0,793,my universe my baby dragon,hello baby
TASK_218222,218222,My Universe: My Baby Dragon,PlayStation,Adventure,4,118667,Hungry Baby: Party Treats!,Nintendo,Puzzle,Puzzle,2019.0,512,0.2523074585515359,Hungry Baby: Party Treats!,You have one simple task feed the baby Now how hard can it be Well any parent will tell you it is hard Sometimes it can be as hard as trying to keep up with your E3 appointments calendar Or fighting the last boss in Dark Souls Or telling your boss you wont be able to take overtime anymore And you want a raise At the very same time Or well lets just agree feeding your baby can be hard Like really REALLY hard And as we all know because its no secret a hungry baby is an angry baby All goes bad when it gets mad,Nintendo,Puzzle,Puzzle,2019.0,512,my universe my baby dragon,hungry baby party treats
TASK_232999,232999,Kindergarten: Buddy Edition,Nintendo,Strategy,1,224613,Creepy Forest,PC,Puzzle,"Platform, Puzzle, Indie",2023.0,129,0.2010422364292357,Creepy Forest,Creepy Forest a scary plot puzzle game is full of strange things waiting for you to discover the truth on the mysterious mountain,PC,Puzzle,"Platform, Puzzle, Indie",2023.0,129,kindergarten buddy edition,creepy forest
TASK_232999,232999,Kindergarten: Buddy Edition,Nintendo,Strategy,2,169955,Oath,PC,Role-playing (RPG),Role-playing (RPG),2021.0,96,0.1956262091732061,Oath,Take the Oath overcome the Trials and discover the truth of the Heart in this original indie RPG,PC,Role-playing (RPG),Role-playing (RPG),2021.0,96,kindergarten buddy edition,oath
TASK_232999,232999,Kindergarten: Buddy Edition,Nintendo,Strategy,3,223422,Doors,PC,Strategy,Strategy,2022.0,215,0.1903122731451336,Doors,Doors is a story based first person shooter game in which the protagonist awakes in a seemingly endless void and must persist through his delusions to discover the truth about his fate and understand why he is there,PC,Strategy,Strategy,2022.0,215,kindergarten buddy edition,doors
TASK_232999,232999,Kindergarten: Buddy Edition,Nintendo,Strategy,4,203710,Puzzle Bundle: Inbento & Golf Peaks,Nintendo,Strategy,"Puzzle, Strategy, Card & Board Game",2022.0,88,0.170520049322754,Puzzle Bundle: Inbento & Golf Peaks,Discover two relaxing puzzle games with this amazing bundle including Inbento Golf Peaks,Nintendo,Strategy,"Puzzle, Strategy, Card & Board Game",2022.0,88,kindergarten buddy edition,puzzle bundle inbento golf peaks
TASK_245827,245827,Minor Scale,PC,Strategy,1,190983,Otherwar,PC,Strategy,"Strategy, Indie, Arcade",2023.0,106,0.2505974569057061,Otherwar,Otherwar is an action tower defense game Take control of an angel and defend heaven from the satans armies,PC,Strategy,"Strategy, Indie, Arcade",2023.0,106,minor scale,otherwar
TASK_245827,245827,Minor Scale,PC,Strategy,2,120683,Crystal Defense,PC,Strategy,"Strategy, Indie",2019.0,178,0.240905330871022,Crystal Defense,Crystal defense is an action filled First Person Shooter Tower Defense hybrid Your actions play a critical role in a successful defense Build and upgrade tower to help you defend,PC,Strategy,"Strategy, Indie",2019.0,178,minor scale,crystal defense
TASK_245827,245827,Minor Scale,PC,Strategy,3,195534,Winter and People,PC,Strategy,Strategy,2022.0,150,0.2354914983107755,Winter and People,Winter and People mix tower defense and city building genres with its minimal style It is a tower defense game where you try to survive in cold cities,PC,Strategy,Strategy,2022.0,150,minor scale,winter and people
TASK_245827,245827,Minor Scale,PC,Strategy,4,35201,World Defense: Fragmented Reality,PC,Strategy,"Strategy, Indie",2016.0,300,0.2317280526168347,World Defense: Fragmented Reality,Tower defense as youve never experienced it before We take tower defense to your home your neighbors house the Seattle Space Needle or anywhere in the world the choice is yours World Defense is the first physics based 3d tower defense where anything and everything depends upon real world simulations,PC,Strategy,"Strategy, Indie",2016.0,300,minor scale,world defense fragmented reality
TASK_248325,248325,Just Keep Running,PC,Adventure,1,158923,The World,PC,Adventure,"Adventure, Indie",2020.0,160,0.2451435472400585,The World,小明因黑人抬棺穿越到神秘新大陆开始了传造奇孽的一生这是一款颠覆性的RPG扮演类游戏是一个完全的开放性世界你不再被主线剧情所拘束可以自由的在这个世界的各个角落探索寻找宝物或是完成一件件难忘的冒险在游戏中做一个坏人亦或者是一个好人都由你自己决定你还可以加入各种门派学习绝学制作装备炼制法宝等等直到你从一个屌丝成长为一个大屌丝,PC,Adventure,"Adventure, Indie",2020.0,160,just keep running,the world
TASK_248325,248325,Just Keep Running,PC,Adventure,2,226239,Ball laB 2,PC,Adventure,"Platform, Puzzle, Adventure, Indie",2023.0,80,0.1985670710094809,Ball laB 2,Roll and jump through challenging but interesting levels in a minimalistic style,PC,Adventure,"Platform, Puzzle, Adventure, Indie",2023.0,80,just keep running,ball lab 2
TASK_248325,248325,Just Keep Running,PC,Adventure,3,138693,Nui,PC,Puzzle,"Platform, Puzzle, Indie",2020.0,88,0.1934551218246324,Nui,Nui is a minimalist puzzleplatformer about farewell where health is linked to your sword,PC,Puzzle,"Platform, Puzzle, Indie",2020.0,88,just keep running,nui
TASK_248325,248325,Just Keep Running,PC,Adventure,4,178179,Little Nightmares I & II,Nintendo,Adventure,"Platform, Puzzle, Adventure",2021.0,161,0.1928604404933299,Little Nightmares I & II,This collection of two Little Nightmares games will introduce you to a lovely frightening and iconic puzzleplatformer series starting with the original from 2017,Xbox,Adventure,"Platform, Puzzle, Adventure",2021.0,161,just keep running,little nightmares i ii
TASK_260913,260913,Crimson Canyon,PC,Shooter,1,139990,Hellbound,PC,Shooter,Shooter,2013.0,796,0.3439218235936496,Hellbound,Hellbound is a limitremoving 32level megawad created by Zoltán Sófalvi Z86 Most maps are connected in that the sense that the end of one map resembles the start area of the next A second WAD with the file name HBFM29wad is included which contains the full version of MAP29 This is because MAP29s extreme level of detail causes heavy drops in frame rate on lowerend computers particularly in ZDoombased ports and the cutdown version in the main WAD attempts to rectify this though in reality the difference is negligible Hellbound was uploaded to the idgames archive on 29 June 2013 It was praised for its aesthetic quality but criticised for its gameplay which many found to be mostly uninteresting Due to this it missed out on a win at the 20th Annual Cacowards being named as a runnerup instead,PC,Shooter,Shooter,2013.0,796,crimson canyon,hellbound
TASK_260913,260913,Crimson Canyon,PC,Shooter,2,257416,New Years Eve Slaughter 2022,PC,Shooter,Shooter,2022.0,92,0.333612550339181,New Years Eve Slaughter 2022,This wad contains 5 short slaughterish maps plus 1 bookend map that are all fairly difficult,PC,Shooter,Shooter,2022.0,92,crimson canyon,new years eve slaughter 2022
TASK_260913,260913,Crimson Canyon,PC,Shooter,3,139765,Deus Vult II,PC,Shooter,Shooter,2008.0,348,0.3033604912847459,Deus Vult II,Deus Vult II is a twelve level episode WAD created by Huy Pham Doom Marine As with the first Deus Vult it contains maps rich with nighoverwhelming opposition in the vein of Alien Vendetta or Hell Revealed with difficulty increasing sharply in the later levels It received one of regular awards during the 2008 Cacowards as well as the Mordeth award,PC,Shooter,Shooter,2008.0,348,crimson canyon,deus vult ii
TASK_260913,260913,Crimson Canyon,PC,Shooter,4,142682,Dead.Wire,PC,Shooter,Shooter,2015.0,493,0.3013694869674735,Dead.Wire,deadwire is a singlelevel PK3 for Doom II that requires GZDoom source port to play It was designed by Xaser Acheron The map was granted one of the 22nd Annual Cacowards and was featured in Doomworlds Top 100 Most Memorable Maps placing 63rd In December 2016 it received a sequel deadair After a strange signal originated from a deserted installation an engineer the player himself has been employed by the UAC to investigate the source of the signal The WAD tells the tale of what happens next,PC,Shooter,Shooter,2015.0,493,crimson canyon,dead wire
TASK_26820,26820,Blasphemous,PC,Adventure,1,158923,The World,PC,Adventure,"Adventure, Indie",2020.0,160,0.2179104287531694,The World,小明因黑人抬棺穿越到神秘新大陆开始了传造奇孽的一生这是一款颠覆性的RPG扮演类游戏是一个完全的开放性世界你不再被主线剧情所拘束可以自由的在这个世界的各个角落探索寻找宝物或是完成一件件难忘的冒险在游戏中做一个坏人亦或者是一个好人都由你自己决定你还可以加入各种门派学习绝学制作装备炼制法宝等等直到你从一个屌丝成长为一个大屌丝,PC,Adventure,"Adventure, Indie",2020.0,160,blasphemous,the world
TASK_26820,26820,Blasphemous,PC,Adventure,2,107975,Bottle of truth,PC,Adventure,"Role-playing (RPG), Adventure, Indie",2018.0,239,0.2046292833405216,Bottle of truth,Узнайте историю простого русского парня который живет в России Возможно он хотел бы никогда не покидать свое комфортное убежище и не видеть все ужасы улицы но судьба уготовила ему совсем иные планы и ему предстоит увлекательное приключение,PC,Adventure,"Role-playing (RPG), Adventure, Indie",2018.0,239,blasphemous,bottle of truth
TASK_26820,26820,Blasphemous,PC,Adventure,3,193134,Tomomi,PC,Adventure,"Platform, Role-playing (RPG), Adventure, Indie, Arcade",2022.0,95,0.2027179790197032,Tomomi,Full of hilarious dialogue and comical encounters A super exhilarating Metroidvania action game,PC,Adventure,"Platform, Role-playing (RPG), Adventure, Indie, Arcade",2022.0,95,blasphemous,tomomi
TASK_26820,26820,Blasphemous,PC,Adventure,4,223778,Lost Chiko,Nintendo,Adventure,"Platform, Role-playing (RPG), Adventure",2022.0,109,0.1880964213607828,Lost Chiko,Lost Chiko is 2D Adventure Game Our main character Chiko is lost in this universe And it has to get somewhere,Nintendo,Adventure,"Platform, Role-playing (RPG), Adventure",2022.0,109,blasphemous,lost chiko
TASK_27243,27243,Doodle Kingdom,PlayStation,Simulator,1,168997,Doodle God Blitz: Doodle Kingdom,PC,Adventure,"Simulator, Adventure, Indie",2018.0,190,0.4220174524899397,Doodle God Blitz: Doodle Kingdom,Its time to get MEDIEVAL Try a new fantasy brainteaser where you can create your own Kingdom with Castles Knights Warlocks and Dragons Great for gamers of ALL ages Create a New Kingdom Today,PC,Adventure,"Simulator, Adventure, Indie",2018.0,190,doodle kingdom,doodle god blitz doodle kingdom
TASK_27243,27243,Doodle Kingdom,PlayStation,Simulator,2,147737,Doodle Devil: 3volution,PlayStation,Adventure,"Puzzle, Simulator, Adventure, Card & Board Game",2021.0,415,0.3379907992588207,Doodle Devil: 3volution,While Doodle God was busy creating the universe Doodle Devil was also having some fun The same addictive puzzle game play that made Doodle God a hit is back but with an evil twist Discover the seven deadly sins and watch as the world crumbles at your fingertips as you create thousands of dastardly deeds Combine fire earth wind air to create demons beasts zombies and much more Being bad has never been so much fun,PlayStation,Adventure,"Puzzle, Simulator, Adventure, Card & Board Game",2021.0,415,doodle kingdom,doodle devil 3volution
TASK_27243,27243,Doodle Kingdom,PlayStation,Simulator,3,47843,Marker Man Adventures,Nintendo,Puzzle,Puzzle,2009.0,303,0.2450673313592344,Marker Man Adventures,It was just an ordinary day in the life of Marker Man the loveable stick figure and his pal Doodle Dog That all ended abruptly however when Doodle went missing without a trace Guide Marker Man through hundreds of physics based puzzles using your stylus as a creative tool to safely bring Doodle Dog home,Nintendo,Puzzle,Puzzle,2009.0,303,doodle kingdom,marker man adventures
TASK_27243,27243,Doodle Kingdom,PlayStation,Simulator,4,50875,Your Doodles Are Bugged!,PC,Puzzle,Puzzle,2011.0,751,0.2417175266674085,Your Doodles Are Bugged!,A magic explosion in the studio of Doodleus the Master Doodler has hexed his pet bugs into his doodles Grab the magic pen and help Doodleus to free them again Do you have the skill and precision to handle hundreds of bugs at once Do you have what it takes to be a Master Doodler In each level you play through a new doodle to rescue the bugs that have been hexed into it Sometimes there are lots of them hundreds of them The problem is the bugs have minds of their own and move according to their own rules Your goal is to help them reach the magic honey in each doodle The only help you have is your magic pen which you use to draw new lines into the doodle changing the doodle building roads bridges and stairs that allow the bugs to reach the honey,PC,Puzzle,Puzzle,2011.0,751,doodle kingdom,your doodles are bugged
TASK_28692,28692,Mulaka,Xbox,Adventure,1,114543,Arch Drift,PC,Adventure,"Adventure, Indie",2019.0,129,0.2275826218966334,Arch Drift,Dive into the depths of the newest interARCHEOLOGICAL dungeon crawler Made within a small year by 4 students for a school project,PC,Adventure,"Adventure, Indie",2019.0,129,mulaka,arch drift
TASK_28692,28692,Mulaka,Xbox,Adventure,2,17952,The Deer God,PC,Adventure,"Platform, Simulator, Adventure, Indie, Arcade",2015.0,304,0.217343841083947,The Deer God,The Deer God is a breathtaking 3D pixel art adventure that will challenge your religion and your platforming skills Its a game about survival reincarnation and karma all set in a breathtaking and unique 3D pixelized world Feast your eyes on the beautiful lighting day and night system and vast landscapes,PC,Adventure,"Platform, Simulator, Adventure, Indie, Arcade",2015.0,304,mulaka,the deer god
TASK_28692,28692,Mulaka,Xbox,Adventure,3,218616,Safety: Life Is A Maze,PC,Adventure,Adventure,2013.0,108,0.2072391038831676,Safety: Life Is A Maze,A actionadventure game revolving around Mina and her friends as she tries to escape her mysterious captivity,PC,Adventure,Adventure,2013.0,108,mulaka,safety life is a maze
TASK_28692,28692,Mulaka,Xbox,Adventure,4,159959,Re.Surs,Xbox,Adventure,"Shooter, Platform, Adventure, Indie",2021.0,213,0.190490960969128,Re.Surs,ReSurs is a narrative actionadventure game with 2D shooter elements flavored with the abilities of various heroes for a fastpaced gameplay Shoot dash kick and hack enemies trying to remember what actually happened,Xbox,Adventure,"Shooter, Platform, Adventure, Indie",2021.0,213,mulaka,re surs
TASK_33896,33896,Fernbus Coach Simulator,PlayStation,Simulator,1,104891,Coach Bus Simulator Parking,PC,Simulator,Simulator,2018.0,173,0.4102900829269847,Coach Bus Simulator Parking,Are you ready to drive coach bus on bumpy roads Play the most realistic Coach bus simulator game Drive carefully by avoid the accident and show your Coach bus driving skills,PC,Simulator,Simulator,2018.0,173,fernbus coach simulator,coach bus simulator parking
TASK_33896,33896,Fernbus Coach Simulator,PlayStation,Simulator,2,155111,OMSI 2: IVECO Bus Family Interurban Generation,PC,Simulator,Simulator,2021.0,164,0.381378430576521,OMSI 2: IVECO Bus Family Interurban Generation,IVECO the world leader in intercity buses launched its new coach range in 2013 under the new IVECO BUS brand Discover this new series of intercity buses in OMSI now,PC,Simulator,Simulator,2021.0,164,fernbus coach simulator,omsi 2 iveco bus family interurban generation
TASK_33896,33896,Fernbus Coach Simulator,PlayStation,Simulator,3,250414,Bus Simulator 21: Next Stop - IVECO BUS Bus Pack,PC,Simulator,Simulator,2022.0,419,0.3079505964941471,Bus Simulator 21: Next Stop - IVECO BUS Bus Pack,Attention all Angel Shores and Seaside Valley bus drivers Do you want to upgrade your bus fleet preferably with brandnew buses Then this is the perfect expansion pack for you This bus pack comes with three authentic interior designs with specifically created color patterns for the seats and appealing floor textures Go ahead and try them out also available in your other buses and become the next transport trendsetter,PC,Simulator,Simulator,2022.0,419,fernbus coach simulator,bus simulator 21 next stop iveco bus bus pack
TASK_33896,33896,Fernbus Coach Simulator,PlayStation,Simulator,4,19882,Bus Simulator 16,PC,Simulator,"Racing, Simulator",2016.0,2138,0.306850184230706,Bus Simulator 16,Win the daily battle with the clockbecome a bus driver Six truetolife city buses including two Lions City buses licensed by MAN and a gigantic freely accessible world are waiting for you in Bus Simulator 16 Transport your passengers to their destinations across five authentic city districts safely and on time Drive a twodoor threedoor or a truetolife articulated bus through commuter traffic at rush hour watch out for emergency vehicles and take detours around construction sites But watch out or you will get into trouble for accidents and traffic violations You also have to maintain order inside the bus Calm upset passengers repair stuck doors sell tickets correctly and extend the ramp for wheel chair passengers in a timely manner You will have to be efficient if you want to stick to your schedule as it is only by doing this that you will build up your reputation in the city earn the trust of your passengers and most importantly make money The better your reputation the larger the contracts you can secure and the more buses will be available to your company in the shop Unlock additional districts of the city and carefully plan routes for the employees you will acquire in the included job exchange As you grow more successful you will also acquire more and more advertising banners for your buses which bring in additional money If your buses are too dull you can paint and decorate them with unlockable decals ensuring that your passengers reach their destinations in the coolest way possible You think bus drivers are lonely Not in Bus Simulator 16 Invite your friends into your game in multiplayer mode and let them take over routes for you The money they earn can be used to expand your shared company and thus perfect public transportation in your city You want to drive even more buses and arrange Sunny Springs to fit your expectations Then you can just construct the city to suit your own taste Bus Simulator 16 is modfriendly and you can use programs like Blender and Gimp to adjust the visual appearance of the existing buses to your liking as well as integrate your own custom buses and buildings into the game,PC,Simulator,"Racing, Simulator",2016.0,2138,fernbus coach simulator,bus simulator 16
TASK_3667,3667,Shrek,Nintendo,Puzzle,1,219674,Pixel Boy: The Legend of Tain,PC,Role-playing (RPG),Role-playing (RPG),2022.0,104,0.1722164831406705,Pixel Boy: The Legend of Tain,Play as Tain as he embarks on a quest to rescue his dear friend who has been kidnapped by an evil wizard,PC,Role-playing (RPG),Role-playing (RPG),2022.0,104,shrek,pixel boy the legend of tain
TASK_3667,3667,Shrek,Nintendo,Puzzle,2,121317,Saturday of Piercing Screams,PC,Puzzle,"Platform, Puzzle, Indie",2019.0,114,0.1692253342996059,Saturday of Piercing Screams,Physicsbased 2D action puzzle taking place in infinitespanning cursed castle Inspired by beauty of DOS abandonware,PC,Puzzle,"Platform, Puzzle, Indie",2019.0,114,shrek,saturday of piercing screams
TASK_3667,3667,Shrek,Nintendo,Puzzle,3,107616,ToPoLo,PlayStation,Simulator,Simulator,1996.0,125,0.1619696292338927,ToPoLo,ToPoLo is a game that allows the player to create custom avatars out of blocks to use in arena battles against other fighters,PlayStation,Simulator,Simulator,1996.0,125,shrek,topolo
TASK_3667,3667,Shrek,Nintendo,Puzzle,4,1813,Dragon Quest II: Luminaries of the Legendary Line,Nintendo,Role-playing (RPG),Role-playing (RPG),2005.0,297,0.1595963232472509,Dragon Quest II: Luminaries of the Legendary Line,This game allows the player to control more than one character and it is the first one in the Dragon Quest series to do so The player controls his or her characters as they move in the game world They can search treasure chests talk and trade with villagers equip weapons and armor and cast spells,Nintendo,Role-playing (RPG),Role-playing (RPG),2005.0,297,shrek,dragon quest ii luminaries of the legendary line
TASK_3759,3759,Feeding Frenzy,Xbox,Puzzle,1,159257,Oatmeal,PC,Simulator,"Simulator, Indie",2021.0,140,0.1922539497615025,Oatmeal,Oatmeal This game is about oatmeal In this game you have a spoon and 1 minute to eat as much oatmeal as you can Its not as easy as you think,PC,Simulator,"Simulator, Indie",2021.0,140,feeding frenzy,oatmeal
TASK_3759,3759,Feeding Frenzy,Xbox,Puzzle,2,202422,Pentomino,PC,Strategy,"Strategy, Indie",2022.0,223,0.1839851215818255,Pentomino,Pandomino is also known as brain racking twelve pieces It is a hardcore spatial logic puzzle game suitable for young and old The rules is very simple but challenging Can you find the secret of the solution NPP Find Your Way,PC,Strategy,"Strategy, Indie",2022.0,223,feeding frenzy,pentomino
TASK_3759,3759,Feeding Frenzy,Xbox,Puzzle,3,112100,Funghi Explosion,Nintendo,Puzzle,"Puzzle, Card & Board Game",2018.0,175,0.1746171769983631,Funghi Explosion,Easy to play alone and fun with a friend this puzzle game is great for beginner or veteran alike The rules are simple gather up three of the same Funghi to make them disappear,Nintendo,Puzzle,"Puzzle, Card & Board Game",2018.0,175,feeding frenzy,funghi explosion
TASK_3759,3759,Feeding Frenzy,Xbox,Puzzle,4,210837,SantaCorps: Snow Patrol,PC,Puzzle,Puzzle,2021.0,103,0.1702306288797716,SantaCorps: Snow Patrol,Don the parka and shovel of the SantaCorps Snow Patrol elf unit in this accessible arcade puzzle frenzy,PC,Puzzle,Puzzle,2021.0,103,feeding frenzy,santacorps snow patrol
TASK_3961,3961,Judge Dredd: Dredd Vs. Death,Nintendo,Shooter,1,260387,Labyrinth,Nintendo,Puzzle,"Puzzle, Card & Board Game",2023.0,200,0.1696541704487679,Labyrinth,The aMAZEing Labyrinth now with a completely new look and at long last for PC for more than 35 years the simple and unique gameplay of the board game has inspired more than 20 million people worldwide,PC,Puzzle,"Puzzle, Card & Board Game",2023.0,200,judge dredd dredd vs death,labyrinth
TASK_3961,3961,Judge Dredd: Dredd Vs. Death,Nintendo,Shooter,3,221666,Crack Life,PC,Shooter,Shooter,2012.0,139,0.1536457403733946,Crack Life,Crack Life was made from total boredom It features a bunch of overused jokes and memes that only get more annoying every time you hear them,PC,Shooter,Shooter,2012.0,139,judge dredd dredd vs death,crack life
TASK_3961,3961,Judge Dredd: Dredd Vs. Death,Nintendo,Shooter,4,274444,EggConsole Thexder PC-8801MkIISR,Nintendo,Shooter,Shooter,2023.0,92,0.1459368349257054,EggConsole Thexder PC-8801MkIISR,When discussing retro robotthemed games one masterpiece that always comes to mind is Thexder,Nintendo,Shooter,Shooter,2023.0,92,judge dredd dredd vs death,eggconsole thexder pc 8801mkiisr
TASK_3961,3961,Judge Dredd: Dredd Vs. Death,Nintendo,Shooter,5,75048,God of Light: Remastered,PC,Puzzle,"Puzzle, Indie",2017.0,233,0.1321189201175238,God of Light: Remastered,God of Light Remastered is a definitive version of the original awardwinning game played by over 15 million people The Remastered edition features allnew HD graphics tailored lightphysics controls and a remastered soundtrack by UNKLE,PC,Puzzle,"Puzzle, Indie",2017.0,233,judge dredd dredd vs death,god of light remastered
TASK_4187,4187,Super Bubble Pop,PlayStation,Strategy,1,76717,Cosmic Horizon - World First 3D Game Puzzle Ever,PC,Puzzle,Puzzle,2017.0,84,0.2342390029883515,Cosmic Horizon - World First 3D Game Puzzle Ever,Cosmic Horizon Icosahedron Video Game Puzzle You are in a voyage around the universe,PC,Puzzle,Puzzle,2017.0,84,super bubble pop,cosmic horizon world first 3d game puzzle ever
TASK_4187,4187,Super Bubble Pop,PlayStation,Strategy,2,200868,Rasetsu Xan,PC,Role-playing (RPG),"Real Time Strategy (RTS), Role-playing (RPG)",2002.0,158,0.179749337982869,Rasetsu Xan,An expansion for the 2001realtime strategy roleplaying game Rasetsu that was released in 2002 The player takes control of mercenaries in a futuristic conflict,PC,Role-playing (RPG),"Real Time Strategy (RTS), Role-playing (RPG)",2002.0,158,super bubble pop,rasetsu xan
TASK_4187,4187,Super Bubble Pop,PlayStation,Strategy,3,211036,Ruuuuuun,PC,Puzzle,"Puzzle, Indie",2022.0,92,0.1744677283423836,Ruuuuuun,Ruuuuuun The game is a puzzle Move the pawns in the right sequence to move to the next level,PC,Puzzle,"Puzzle, Indie",2022.0,92,super bubble pop,ruuuuuun
TASK_4187,4187,Super Bubble Pop,PlayStation,Strategy,4,32727,Dead Army - Radio Frequency,PC,Simulator,"Simulator, Strategy, Indie",2016.0,362,0.1664758368784049,Dead Army - Radio Frequency,Dead Army is a Real Time Strategy RTS game where the player takes control of an army of zombies The player will be able to command each and every zombie in order to create the best strategy to raze military bases villages and small towns Given that controlling zombies is a feature the player will also be able to increase its undead army through human infection,PC,Simulator,"Simulator, Strategy, Indie",2016.0,362,super bubble pop,dead army radio frequency
TASK_45376,45376,Super Robot Wars F Final,PlayStation,Strategy,1,80139,Super Robot Wars OG: The Moon Dwellers,PlayStation,Strategy,"Strategy, Turn-based strategy (TBS)",2016.0,85,0.4223583024499268,Super Robot Wars OG: The Moon Dwellers,An Original Generation entry of the Super Robot Taisen series for PlayStation 3 and 4,PlayStation,Strategy,"Strategy, Turn-based strategy (TBS)",2016.0,85,super robot wars f final,super robot wars og the moon dwellers
TASK_45376,45376,Super Robot Wars F Final,PlayStation,Strategy,2,80686,Dai-2-ji Super Robot Taisen Z: Hakai-hen,PlayStation,Simulator,"Simulator, Strategy",2011.0,175,0.4187440749592387,Dai-2-ji Super Robot Taisen Z: Hakai-hen,Dai2ji Super Robot Taisen Z Hakaihen is the sequel to Super Robot Taisen Z Like its predecessor it introduces a large number of new shows including Gundam 00 and Gurren Lagann,PlayStation,Simulator,"Simulator, Strategy",2011.0,175,super robot wars f final,dai 2 ji super robot taisen z hakai hen
TASK_45376,45376,Super Robot Wars F Final,PlayStation,Strategy,3,44056,Super Robot Taisen 64,Nintendo,Role-playing (RPG),"Role-playing (RPG), Strategy",1999.0,226,0.38300802902635,Super Robot Taisen 64,Super Robot Taisen 64 is a strategy roleplaying game for the Nintendo 64 It was released only in Japan in 1999 The game can make use of the Nintendo 64s Transfer Pak with the Game Boy Color game Super Robot Taisen Link Battler,Nintendo,Role-playing (RPG),"Role-playing (RPG), Strategy",1999.0,226,super robot wars f final,super robot taisen 64
TASK_45376,45376,Super Robot Wars F Final,PlayStation,Strategy,4,72841,Super Robot Taisen Alpha,PlayStation,Strategy,Strategy,2000.0,243,0.2811399669418691,Super Robot Taisen Alpha,Super Robot Taisen Alpha is the second game in the series to be built from the ground up for the Playstation and is the start of the Alpha series Alpha is the first SRW to feature the highly choreographed animation that the series is known for,PlayStation,Strategy,Strategy,2000.0,243,super robot wars f final,super robot taisen alpha
TASK_4884,4884,Geometry Wars: Galaxies,Nintendo,Shooter,1,17573,Geometry Wars 3: Dimensions Evolved,PC,Shooter,"Shooter, Arcade",2014.0,272,0.2760482348561398,Geometry Wars 3: Dimensions Evolved,Experience the full evolution of the awardwinning Geometry Wars franchise and battle through waves of enemies on 3D grids in this frenetic arcade shooter Geometry Wars 3 Dimensions Evolved includes all of the great content features from Geometry Wars 3 Dimensions and more,PC,Shooter,"Shooter, Arcade",2014.0,272,geometry wars galaxies,geometry wars 3 dimensions evolved
TASK_4884,4884,Geometry Wars: Galaxies,Nintendo,Shooter,4,52680,Qlione Evolve,PlayStation,Puzzle,Puzzle,2010.0,183,0.2294565523722652,Qlione Evolve,Qlione Evolve is a game that takes place in a physicsbased liquid world Its survival of the fittest game where players have to avoid bombs and traps to survive for as long as possible,PlayStation,Puzzle,Puzzle,2010.0,183,geometry wars galaxies,qlione evolve
TASK_4884,4884,Geometry Wars: Galaxies,Nintendo,Shooter,5,4885,Geometry Wars,Xbox,Shooter,Shooter,2003.0,529,0.2280702274469755,Geometry Wars,Geometry Wars is a old school style shooter but remixed for the 21st century with next generation graphics and deep modern gameplay Addictive just one more go gameplay with mesmerizing graphics Pixel perfect recreation of the Xbox Live Arcade game Support for keyboard mouse and dualstick gamepad play you are a geometric ship trapped in a grid world facing off against waves of deadly wanderers snakes and repulsars Your aim is to survive long enough to set a high score Avoid the spawning enemies and shoot them down for points,Xbox,Shooter,Shooter,2003.0,529,geometry wars galaxies,geometry wars
TASK_58531,58531,Value 1500: O-chan no Oekaki Logic 3,PlayStation,Puzzle,1,221274,Colorful Logic 2,PlayStation,Puzzle,Puzzle,2001.0,292,0.3378533765513387,Colorful Logic 2,Puzzle game series which recorded the popular logic puzzle Colorful Logic 2nd The recorded 300 questions in total it looks bright color logic NO ease play You can enjoy the logic of three 1 blackandwhite logic the debut of Dialogic Set in a theme park lets challenge to a number of challenges,PlayStation,Puzzle,Puzzle,2001.0,292,value 1500 o chan no oekaki logic 3,colorful logic 2
TASK_58531,58531,Value 1500: O-chan no Oekaki Logic 3,PlayStation,Puzzle,2,58530,O-chan no Oekaki Logic 2,PlayStation,Puzzle,Puzzle,1996.0,190,0.3129083613792243,O-chan no Oekaki Logic 2,OChan no Oekaki Logic 2 is a sequel to Ochan no Oekaki Logic a Japanexclusive puzzle game based on the popular Picross game The game is considered to be a spinoff of Sunsofts Hebereke series,PlayStation,Puzzle,Puzzle,1996.0,190,value 1500 o chan no oekaki logic 3,o chan no oekaki logic 2
TASK_58531,58531,Value 1500: O-chan no Oekaki Logic 3,PlayStation,Puzzle,3,221275,Colorful Logic 3,PlayStation,Puzzle,Puzzle,2001.0,339,0.2866822534700332,Colorful Logic 3,From the puzzle game colorful logic was recorded logic puzzle of the popular 3rdthemed shopping appeared to PS Recorded a total of 300 questions hearty In addition to color and blackandwhite logic familiar you enjoy the logic deformation of the complete set of rich individuality can be a problem Aim to win Qianmen around the quirky shops,PlayStation,Puzzle,Puzzle,2001.0,339,value 1500 o chan no oekaki logic 3,colorful logic 3
TASK_58531,58531,Value 1500: O-chan no Oekaki Logic 3,PlayStation,Puzzle,4,248928,Easy puzzle: Landscape,PC,Puzzle,Puzzle,2020.0,101,0.2614680388899753,Easy puzzle: Landscape,This is a logic game in which the goal of the game is to rearrange the tiles to get the final picture,PC,Puzzle,Puzzle,2020.0,101,value 1500 o chan no oekaki logic 3,easy puzzle landscape
TASK_62332,62332,Dinothawr,PC,Puzzle,1,38911,Little Alchemy,PC,Puzzle,Puzzle,2010.0,93,0.3606907125458358,Little Alchemy,A game where players mix together elements with the goal of finding all possible combinations,PC,Puzzle,Puzzle,2010.0,93,dinothawr,little alchemy
TASK_62332,62332,Dinothawr,PC,Puzzle,2,61791,Farsh,PC,Puzzle,Puzzle,2013.0,89,0.3462832702010492,Farsh,A puzzle game where players traverse floating platforms by rolling and unrolling a carpet,PC,Puzzle,Puzzle,2013.0,89,dinothawr,farsh
TASK_62332,62332,Dinothawr,PC,Puzzle,3,113583,Blask,PC,Puzzle,"Puzzle, Indie",2019.0,112,0.3263653169240877,Blask,Blask is a unique puzzle game where you control the environment in order to hit all the goal markers with lasers,PC,Puzzle,"Puzzle, Indie",2019.0,112,dinothawr,blask
TASK_62332,62332,Dinothawr,PC,Puzzle,4,228336,Hakosan,PlayStation,Puzzle,Puzzle,2022.0,103,0.3184752547701643,Hakosan,This is a puzzle game where the goal is to bring three little friends to the place where they should be,PlayStation,Puzzle,Puzzle,2022.0,103,dinothawr,hakosan
TASK_65493,65493,Amazing Breaker,Nintendo,Strategy,1,214661,Zumba Blitz,Nintendo,Puzzle,"Puzzle, Arcade",2022.0,116,0.2425369022976123,Zumba Blitz,Simple and easy to play point and shoot game Aim carefully and clear all the marbles Explore all levels and have fun,Nintendo,Puzzle,"Puzzle, Arcade",2022.0,116,amazing breaker,zumba blitz
TASK_65493,65493,Amazing Breaker,Nintendo,Strategy,2,85158,Four Bombs,Nintendo,Strategy,"Puzzle, Strategy, Arcade, Card & Board Game",2017.0,192,0.2302579382175216,Four Bombs,Watch your mark with Four Bombs Carefully scan the mine field for bombs by learning a common pattern among surrounding spaces Find all 4 bombs and win levels randomly generated for endless fun,Nintendo,Strategy,"Puzzle, Strategy, Arcade, Card & Board Game",2017.0,192,amazing breaker,four bombs
TASK_65493,65493,Amazing Breaker,Nintendo,Strategy,3,189050,Blipz,Nintendo,Strategy,"Puzzle, Strategy, Indie, Arcade, Card & Board Game",2022.0,135,0.2120938196573175,Blipz,Blipz is a unique and addictive arcade puzzler that serves as a tribute to the main design mechanic of Tetris creating order from chaos,Nintendo,Strategy,"Puzzle, Strategy, Indie, Arcade, Card & Board Game",2022.0,135,amazing breaker,blipz
TASK_65493,65493,Amazing Breaker,Nintendo,Strategy,4,253204,Finger Football: Goal in Two,Nintendo,Strategy,"Puzzle, Sport, Strategy, Arcade",2023.0,118,0.2015374845544096,Finger Football: Goal in Two,Take aim and shoot Can you make the goal in just two shots in this relaxing and minimalist finger football puzzle game,Nintendo,Strategy,"Puzzle, Sport, Strategy, Arcade",2023.0,118,amazing breaker,finger football goal in two
TASK_7095,7095,N3II: Ninety-Nine Nights,Xbox,Role-playing (RPG),1,34257,Elements: Epic Heroes,PC,Role-playing (RPG),Role-playing (RPG),2015.0,95,0.3514180675109301,Elements: Epic Heroes,Defeat the Dark Lord and clear the darkness from the realm in this epic hack and slash goodness,PC,Role-playing (RPG),Role-playing (RPG),2015.0,95,n3ii ninety nine nights,elements epic heroes
TASK_7095,7095,N3II: Ninety-Nine Nights,Xbox,Role-playing (RPG),2,21407,Dungeon Runners,PC,Role-playing (RPG),Role-playing (RPG),2008.0,97,0.3367313020539867,Dungeon Runners,A nowclosed freetoplay hack and slash MMO which parodied MMORPGs and the fantasy genre in general,PC,Role-playing (RPG),Role-playing (RPG),2008.0,97,n3ii ninety nine nights,dungeon runners
TASK_7095,7095,N3II: Ninety-Nine Nights,Xbox,Role-playing (RPG),3,27351,Dragon Valor,PlayStation,Role-playing (RPG),"Platform, Role-playing (RPG), Hack and slash",1999.0,90,0.3120759785595811,Dragon Valor,Dragon Valor is an action roleplaying game containing platform and hack and slash elements,PlayStation,Role-playing (RPG),"Platform, Role-playing (RPG), Hack and slash",1999.0,90,n3ii ninety nine nights,dragon valor
TASK_7095,7095,N3II: Ninety-Nine Nights,Xbox,Role-playing (RPG),4,107888,TapRPG: The Second One,PC,Adventure,"Role-playing (RPG), Adventure, Indie",2018.0,186,0.2834844363715757,TapRPG: The Second One,TapRPG is back and this time with a sidekick to help you hack slash loot level up and wipe the evil from the land A retro 2D style RPG that is part exploration part action hack and slash,PC,Adventure,"Role-playing (RPG), Adventure, Indie",2018.0,186,n3ii ninety nine nights,taprpg the second one
TASK_7643,7643,Shadowrun,Xbox,Shooter,1,99067,Gulman 5,PC,Shooter,Shooter,2018.0,137,0.3090286563556302,Gulman 5,Gulman 5 is a singleplayer firstperson shooter by Svyatoslav Gulyaev Gulman 5 is a singleplayer firstperson shooter by Svyatoslav Gulyaev,PC,Shooter,Shooter,2018.0,137,shadowrun,gulman 5
TASK_7643,7643,Shadowrun,Xbox,Shooter,2,134652,Call of Duty: Modern Warfare 3 - Defiance,Nintendo,Shooter,"Shooter, Tactical",2011.0,360,0.2188575985334859,Call of Duty: Modern Warfare 3 - Defiance,Call of Duty Modern Warfare 3 Defiance is a 2011 firstperson shooter video game in the Call of Duty franchise developed by nSpace for the Nintendo DS The game takes place in about the same setting as Call of Duty Modern Warfare 3 and features many elements of gameplay typical to the series including the usage of iron sights vehicular missions and online play,Nintendo,Shooter,"Shooter, Tactical",2011.0,360,shadowrun,call of duty modern warfare 3 defiance
TASK_7643,7643,Shadowrun,Xbox,Shooter,3,9530,AssaultCube,PC,Shooter,Shooter,2008.0,170,0.2051221254621446,AssaultCube,AssaultCube is a FREE multiplayer firstperson shooter game based on the CUBE engine Taking place in realistic environments with fast arcade gameplay its addictive and fun,PC,Shooter,Shooter,2008.0,170,shadowrun,assaultcube
TASK_7643,7643,Shadowrun,Xbox,Shooter,4,83234,Crazy Chicken: Director's Cut,PC,Shooter,Shooter,2007.0,111,0.2032207907211266,Crazy Chicken: Director's Cut,Not actually a directors cut of the Crazy Chicken series its instead a game which takes place in a movie studio,PC,Shooter,Shooter,2007.0,111,shadowrun,crazy chicken director s cut
TASK_81643,81643,Loa: Me and Angel,PC,Role-playing (RPG),1,98330,祛魅·教化（祛魅1）,PC,Role-playing (RPG),"Role-playing (RPG), Indie",2018.0,87,0.4141391644453417,祛魅·教化（祛魅1）,他励精图治两年铸大作他不懈前行一人绘华章 一部国人自创的RPG小清新大作商业游戏浪潮中的一股清流带给你婉如初恋般的情愫带回你青涩年华时代的记忆 精品游戏祛魅教化祛魅1正在发售,PC,Role-playing (RPG),"Role-playing (RPG), Indie",2018.0,87,loa me and angel,1
TASK_81643,81643,Loa: Me and Angel,PC,Role-playing (RPG),2,128226,Rakan Ayah,PC,Role-playing (RPG),"Role-playing (RPG), Indie",2020.0,88,0.4141391644453417,Rakan Ayah,大学生女主父母失踪了好几年了她要同时照顾自己和赚钱养家生活十分的穷困潦倒有天她偶然遇到了一份招聘启事酬劳十分高让她无法拒绝按招聘启事所说的她找到了男主角的独居并被成功录取为女仆,PC,Role-playing (RPG),"Role-playing (RPG), Indie",2020.0,88,loa me and angel,rakan ayah
TASK_81643,81643,Loa: Me and Angel,PC,Role-playing (RPG),3,119816,Xiu's SuperMarket,PC,Role-playing (RPG),"Role-playing (RPG), Indie",2019.0,106,0.4141391644453417,Xiu's SuperMarket,這是一個利用腳色靠著技能攻打怪物可以得到金幣用來購買更高等的武器每當升等可以增加技能點來提升角色的技能而隨著關卡上升怪物的等級也會依循上升並且有三種職業可以進行選擇遊玩每種職業擁有不同的技能以後會陸續新增更多職業,PC,Role-playing (RPG),"Role-playing (RPG), Indie",2019.0,106,loa me and angel,xiu s supermarket
TASK_81643,81643,Loa: Me and Angel,PC,Role-playing (RPG),4,230154,Pitch Silent,PC,Role-playing (RPG),"Role-playing (RPG), Indie",2023.0,153,0.3928909982296943,Pitch Silent,The Earth has withered away Guided by an angel in the dark You must brave the underground of Eden to find the all forms of creation to rekindle the light,PC,Role-playing (RPG),"Role-playing (RPG), Indie",2023.0,153,loa me and angel,pitch silent
TASK_86448,86448,Razerwire:Nanowars,Xbox,Simulator,1,29753,Cut Cut Buffet,PC,Simulator,"Simulator, Indie",2017.0,148,0.2767120289425288,Cut Cut Buffet,Cut Cut Buffet is a slicing simulator for the ages cut your way through mounds of food and multiple game modes Can you stand the heat of the kitchen,PC,Simulator,"Simulator, Indie",2017.0,148,razerwire nanowars,cut cut buffet
TASK_86448,86448,Razerwire:Nanowars,Xbox,Simulator,2,266392,TheHunter: Call of the Wild - Hirschfelden Veteran Cosmetic Pack,Xbox,Simulator,"Shooter, Simulator, Sport, Strategy",2023.0,110,0.27284794591585,TheHunter: Call of the Wild - Hirschfelden Veteran Cosmetic Pack,Decorate your weapons tents and ground blinds with these unique cosmetics inspired by the Hirschfelden Reserve,Xbox,Simulator,"Shooter, Simulator, Sport, Strategy",2023.0,110,razerwire nanowars,thehunter call of the wild hirschfelden veteran cosmetic pack
TASK_86448,86448,Razerwire:Nanowars,Xbox,Simulator,3,119101,996 de zhenshi laoban pian,PC,Simulator,Simulator,2014.0,210,0.2540613299351557,996 de zhenshi laoban pian,这是一个模拟经营的文字小游戏主要模拟国内IT公司如何充分利用员工加班经营到高分的一个过程内容源自现在比较有争议的996加班制问题因为我算是见证网络游戏行业发展的人结合10几年的经历对现在的状况是有一套自己的理解1个月前突发奇想觉得可以做一个模拟这种加班利弊的小游戏来表达自己的看法于是就动手了到今天才刚出炉这部是老板篇主要模拟经营游戏开发过程中如何把控员工情绪提高工作效率追求最大利益的一个过程看看最终你会是一个什么结果,PC,Simulator,Simulator,2014.0,210,razerwire nanowars,996 de zhenshi laoban pian
TASK_86448,86448,Razerwire:Nanowars,Xbox,Simulator,4,39273,H.I.S.T.O.R.Y T.O.R.C.H.K.A,PC,Simulator,"Simulator, Indie",2017.0,188,0.2307075986713687,H.I.S.T.O.R.Y T.O.R.C.H.K.A,Почувствуй весь кайф приключений мать его Джони и очутись в шкуре этого отбитого парня который ради лучшего друга вступил своими пятками в это дерьмо и оказался на дне нашего бренного мира,PC,Simulator,"Simulator, Indie",2017.0,188,razerwire nanowars,h i s t o r y t o r c h k a
